scene,screen_pct,cvar_name,cvar_value,frames_analysed,csv_file,avg_FrameTime,p95_FrameTime,max_FrameTime,avg_GameThreadTime,p95_GameThreadTime,max_GameThreadTime,avg_RenderThreadTime,p95_RenderThreadTime,max_RenderThreadTime,avg_GPUTime,p95_GPUTime,max_GPUTime,avg_RHIThreadTime,p95_RHIThreadTime,max_RHIThreadTime,avg_GPUMem/LocalUsedMB,p95_GPUMem/LocalUsedMB,max_GPUMem/LocalUsedMB,avg_GPU/TAA,p95_GPU/TAA,max_GPU/TAA
cubetest,100,r.TemporalAACurrentFrameWeight,0.01,300,Profile(20260401_183933).csv,33.3337,33.8108,35.1125,1.6124,2.1206,4.3525,3.2888,4.1976,6.9599,11.1425,15.3902,16.3452,2.3611,2.9521,4.1561,2622.8371,2622.7773,2631.2148,0.2032,0.4721,0.8889
cubetest,100,r.TemporalAACurrentFrameWeight,0.02,300,Profile(20260401_183957).csv,33.3334,33.7112,34.6123,1.5338,1.9468,3.3083,3.2241,4.2849,5.699,10.2876,15.6511,18.5211,2.3089,2.7481,3.8282,2624.5983,2624.4023,2632.8398,0.1776,0.4908,0.6708
cubetest,100,r.TemporalAACurrentFrameWeight,0.04,300,Profile(20260401_184022).csv,33.3334,33.7377,34.7356,1.5584,1.8618,3.3871,3.2827,3.8897,6.4577,13.5264,15.5705,16.8961,2.3772,2.8161,4.8295,2622.7804,2622.5273,2630.9648,0.3479,0.5255,0.5519
cubetest,100,r.TemporalAACurrentFrameWeight,0.06,300,Profile(20260401_184046).csv,33.3331,33.8137,38.2439,1.6256,1.9937,7.6076,3.2507,3.9301,4.9553,10.3475,14.9684,16.1811,2.3753,2.8319,4.3842,2622.7711,2622.5273,2630.9648,0.1989,0.5018,0.559
cubetest,100,r.TemporalAACurrentFrameWeight,0.1,300,Profile(20260401_184110).csv,33.3337,33.73,34.4864,1.5317,1.8804,3.0314,3.1597,3.7144,5.2291,10.5052,14.8969,15.6434,2.3399,2.7107,4.9304,2625.0586,2624.7773,2633.2148,0.2046,0.5091,1.1029
cubetest,100,r.TemporalAACurrentFrameWeight,0.2,300,Profile(20260401_184134).csv,33.3334,33.7954,34.6661,1.6028,2.2127,3.6131,3.3322,4.6782,5.8625,10.392,14.9563,15.7562,2.4025,3.1028,3.5016,2623.7804,2623.5273,2631.9648,0.1977,0.4791,0.5991
cubetest,100,r.TemporalAACurrentFrameWeight,0.5,300,Profile(20260401_184159).csv,33.3336,33.8606,35.5997,1.6354,2.3164,5.1154,3.3724,5.0008,6.5436,10.8873,15.0576,17.4016,2.4222,3.2069,3.9444,2623.9321,2623.7773,2632.2148,0.2197,0.4946,0.5212
cubetest,100,r.TemporalAACurrentFrameWeight,0.6,300,Profile(20260401_184223).csv,33.3335,33.7859,34.6704,1.583,1.924,4.0681,3.2692,3.8342,6.7353,9.9063,14.911,16.4209,2.4119,2.8833,7.2631,2622.8002,2622.6523,2631.0898,0.1753,0.4724,0.6308
cubetest,100,r.TemporalAACurrentFrameWeight,0.7,300,Profile(20260401_184247).csv,33.3324,33.6943,35.8789,1.5339,1.8316,3.639,3.1949,3.7348,5.5279,11.1027,15.4702,17.7421,2.338,2.824,3.5038,2623.7346,2623.5273,2631.9648,0.2215,0.5367,0.9032
cubetest,100,r.TemporalAACurrentFrameWeight,0.8,300,Profile(20260401_184311).csv,33.3331,33.7109,35.7194,1.5527,1.9332,3.5662,3.1651,3.7937,5.0082,9.7464,14.7282,16.409,2.3864,2.8718,3.3569,2622.7804,2622.5273,2630.9648,0.1661,0.4775,1.1438
cubetest,100,r.TemporalAACurrentFrameWeight,0.9,300,Profile(20260401_184336).csv,33.3325,33.7587,34.968,1.5646,1.9268,3.6291,3.1709,3.7708,5.0307,10.4932,14.9019,15.746,2.3503,2.7908,3.1621,2622.6211,2622.3398,2630.7773,0.2108,0.5213,1.0353
cubetest,100,r.TemporalAACurrentFrameWeight,1.0,300,Profile(20260401_184400).csv,33.3337,33.8869,34.4866,1.6177,2.1653,3.8261,3.3112,4.4952,6.453,10.6672,15.912,19.273,2.4147,3.0363,3.8068,2624.0986,2623.9023,2632.3398,0.1969,0.4888,1.1459
cubetest,100,r.TemporalAASamples,4,300,Profile(20260401_184424).csv,33.333,33.7476,34.679,1.5495,1.9009,3.527,3.1499,3.6988,5.11,8.5235,14.9187,16.3781,2.3453,2.7953,3.1254,2622.7804,2622.5273,2630.9648,0.1359,0.4873,0.5222
cubetest,100,r.TemporalAASamples,8,300,Profile(20260401_184448).csv,33.3336,33.7141,35.9603,1.5771,1.913,4.9513,3.1914,3.7731,5.1683,10.9931,15.3193,16.4545,2.3498,2.8563,3.5552,2622.4719,2622.2773,2630.7148,0.211,0.504,0.5898
cubetest,100,r.TemporalAASamples,16,300,Profile(20260401_184513).csv,33.3327,33.7231,35.0897,1.5352,1.8732,3.2944,3.1353,3.6516,7.2096,10.3846,14.7933,15.3553,2.3234,2.7219,3.9762,2623.7523,2623.5273,2631.9648,0.204,0.4988,0.5294
cubetest,100,r.TemporalAASamples,32,300,Profile(20260401_184537).csv,33.3337,33.7355,34.8826,1.5621,1.9431,3.9051,3.1861,3.7229,4.9335,11.0993,15.3887,16.7928,2.416,2.8748,3.4409,2624.0586,2623.7773,2632.2148,0.214,0.4897,0.555
cubetest,100,r.TemporalAASamples,64,300,Profile(20260401_184601).csv,33.334,33.8066,36.1748,1.6016,2.1504,4.8894,3.3408,4.5947,6.2524,10.1424,14.9054,15.7163,2.319,2.7935,3.555,2622.9827,2622.7773,2631.2148,0.1868,0.4947,0.5324
cubetest,100,r.TemporalAAFilterSize,0.1,300,Profile(20260401_184626).csv,33.3351,33.8025,34.5714,1.6098,2.231,3.2735,3.2798,4.3756,5.9916,9.3353,14.7942,15.8465,2.3463,2.8357,4.6233,2622.7804,2622.5273,2630.9648,0.1578,0.4793,0.6082
cubetest,100,r.TemporalAAFilterSize,0.25,300,Profile(20260401_184650).csv,33.3335,33.7123,35.1411,1.5556,1.8576,3.9473,3.1679,3.6954,4.9444,12.5989,15.0224,16.0492,2.3137,2.7439,3.3649,2623.991,2623.7773,2632.2148,0.2638,0.4844,0.6082
cubetest,100,r.TemporalAAFilterSize,0.5,300,Profile(20260401_184714).csv,33.3342,33.7725,34.8485,1.5599,1.8245,3.4949,3.1753,3.7036,5.103,10.5072,14.7847,16.123,2.3348,2.7749,3.0794,2622.8086,2622.5273,2630.9648,0.2248,0.506,0.9922
cubetest,100,r.TemporalAAFilterSize,0.7,300,Profile(20260401_184738).csv,33.3336,33.7438,34.6732,1.5592,1.8218,3.6333,3.2529,3.7478,5.012,10.0559,14.8008,15.6642,2.4775,3.0475,3.7302,2623.8086,2623.5273,2631.9648,0.184,0.4947,0.5539
cubetest,100,r.TemporalAAFilterSize,0.9,300,Profile(20260401_184803).csv,33.3333,33.6978,34.2742,1.4945,1.7969,3.2204,3.1946,3.7094,5.5017,10.7014,15.7934,19.2398,2.4689,2.9576,3.3075,2624.8286,2624.7773,2633.2148,0.2022,0.5073,2.0255
cubetest,100,r.TemporalAAFilterSize,0.95,300,Profile(20260401_184827).csv,33.3336,33.7922,34.4406,1.6249,2.1807,3.5162,3.4215,4.3085,5.8724,13.9449,15.2662,16.4588,2.4161,2.93,3.4938,2623.7688,2623.5273,2631.9648,0.3134,0.507,0.6267
cubetest,100,r.TemporalAAFilterSize,1.0,300,Profile(20260401_184851).csv,33.3336,33.745,35.903,1.5838,1.9359,4.0308,3.1731,3.7524,5.6269,10.9271,15.4545,16.6403,2.3496,2.7819,3.7197,2623.8086,2623.5273,2631.9648,0.1945,0.4875,0.5325
cubetest,100,r.TemporalAA.HistoryScreenPercentage,100,300,Profile(20260401_184915).csv,33.3339,33.7196,35.1811,1.5692,1.9014,3.8505,3.2269,3.8438,5.7083,9.9974,14.6873,15.3007,2.3054,2.7481,3.1694,2622.7804,2622.5273,2630.9648,0.1765,0.4916,0.5202
cubetest,100,r.TemporalAA.HistoryScreenPercentage,125,300,Profile(20260401_184940).csv,33.3329,33.7792,34.3888,1.5713,1.9424,3.2038,3.1766,3.8265,5.1932,10.9828,15.2695,16.9552,2.3863,2.8347,3.5018,2623.8086,2623.5273,2631.9648,0.2001,0.4827,0.5396
cubetest,100,r.TemporalAA.HistoryScreenPercentage,150,300,Profile(20260401_185004).csv,33.3331,33.7795,35.6441,1.57,2.1314,3.287,3.2301,4.5184,7.1584,10.7584,15.4696,16.2976,2.3965,3.024,3.9265,2624.0154,2623.9023,2632.3398,0.1947,0.4884,0.5427
cubetest,100,r.TemporalAA.HistoryScreenPercentage,200,300,Profile(20260401_185028).csv,33.3327,33.7956,36.3668,1.6154,2.1479,5.7248,3.2951,4.2418,6.0118,10.5095,14.9425,16.2224,2.3905,2.9227,3.8819,2623.7804,2623.5273,2631.9648,0.2005,0.5163,0.599
cubetest,87,r.TemporalAACurrentFrameWeight,0.01,300,Profile(20260401_185052).csv,33.3327,33.7078,34.9172,1.5281,1.8676,3.5446,3.1844,3.741,5.7548,13.3928,14.4484,15.5419,2.3895,2.9385,4.0633,2561.0744,2560.8398,2569.2773,0.272,0.4829,0.5919
cubetest,87,r.TemporalAACurrentFrameWeight,0.02,300,Profile(20260401_185117).csv,33.3331,33.6822,34.5114,1.505,1.7613,3.0843,3.1397,3.7125,5.8212,13.3948,14.2965,15.1694,2.3975,3.0002,3.6808,2561.9567,2561.7148,2570.1523,0.3395,0.5879,1.1305
cubetest,87,r.TemporalAACurrentFrameWeight,0.04,300,Profile(20260401_185141).csv,33.3333,33.7668,35.6423,1.5686,1.8462,4.3717,3.2289,3.8647,5.0861,13.2794,14.454,15.284,2.4399,3.082,3.5074,2562.2156,2562.2148,2570.6523,0.2534,0.4241,0.5356
cubetest,87,r.TemporalAACurrentFrameWeight,0.06,300,Profile(20260401_185205).csv,33.3335,33.7095,35.7568,1.5758,1.9184,4.7953,3.2125,3.8023,10.0561,13.4219,14.5954,16.1654,2.4024,2.9312,4.3105,2561.3148,2561.0898,2569.5273,0.2623,0.465,0.5182
cubetest,87,r.TemporalAACurrentFrameWeight,0.1,300,Profile(20260401_185230).csv,33.3334,33.7139,34.3626,1.5698,2.0745,3.1715,3.247,4.1729,5.3873,13.3819,14.6194,14.9965,2.4295,3.1394,3.4451,2560.8429,2560.5898,2569.0273,0.2698,0.4721,0.9779
cubetest,87,r.TemporalAACurrentFrameWeight,0.2,300,Profile(20260401_185254).csv,33.3332,33.6996,35.8629,1.5474,1.8544,3.968,3.1765,3.8036,5.1609,13.2964,14.3555,15.361,2.372,2.9124,3.3762,2561.0171,2560.8398,2569.2773,0.2913,0.4496,1.0363
cubetest,87,r.TemporalAACurrentFrameWeight,0.5,300,Profile(20260401_185318).csv,33.3336,33.7421,35.0807,1.5599,2.0358,3.1784,3.2119,3.7975,5.0096,13.3224,14.5021,16.1579,2.3732,2.8138,3.2756,2561.1056,2561.0898,2569.5273,0.2836,0.4795,0.5611
cubetest,87,r.TemporalAACurrentFrameWeight,0.6,300,Profile(20260401_185342).csv,33.3328,33.6964,34.9563,1.5558,1.9157,4.5073,3.1466,3.6957,5.4585,13.4204,14.66,15.5105,2.3158,2.7487,3.4252,2561.029,2560.9648,2569.4023,0.2747,0.4876,0.5457
cubetest,87,r.TemporalAACurrentFrameWeight,0.7,300,Profile(20260401_185406).csv,33.3328,33.8077,35.0685,1.5533,1.9368,4.0132,3.197,3.7651,4.9232,13.3867,14.4754,16.3254,2.3876,2.9074,3.2106,2562.8711,2562.5898,2571.0273,0.288,0.4773,0.6011
cubetest,87,r.TemporalAACurrentFrameWeight,0.8,300,Profile(20260401_185431).csv,33.3335,33.8378,34.5918,1.6251,2.2017,3.1956,3.2996,4.4134,6.3579,13.405,14.4306,15.4618,2.4027,3.1416,4.556,2561.9081,2561.7148,2570.1523,0.2927,0.4884,0.5183
cubetest,87,r.TemporalAACurrentFrameWeight,0.9,300,Profile(20260401_185455).csv,33.3343,33.7367,34.5626,1.5479,1.929,3.3601,3.1699,3.7485,8.6937,12.7047,14.3906,15.2583,2.3201,2.7449,3.2936,2560.8996,2560.8398,2569.2773,0.2593,0.4488,0.5346
cubetest,87,r.TemporalAACurrentFrameWeight,1.0,300,Profile(20260401_185519).csv,33.3334,33.7288,34.8491,1.5703,1.8715,3.7014,3.2209,3.7732,5.4247,13.3161,14.5121,15.5538,2.457,2.982,3.6956,2563.1698,2562.9648,2571.4023,0.2768,0.4516,0.7833
cubetest,87,r.TemporalAASamples,4,300,Profile(20260401_185544).csv,33.3335,33.6687,34.4149,1.5322,1.7741,3.7065,3.1126,3.6084,5.4391,13.35,14.5341,16.2573,2.31,2.7334,3.2867,2562.8711,2562.5898,2571.0273,0.2591,0.4287,0.5243
cubetest,87,r.TemporalAASamples,8,300,Profile(20260401_185608).csv,33.3341,33.6533,34.6935,1.516,1.7936,3.2311,3.1681,3.6902,5.4633,13.3648,14.526,16.1881,2.4675,2.9499,4.4419,2563.0717,2562.8398,2571.2773,0.2783,0.4537,1.622
cubetest,87,r.TemporalAASamples,16,300,Profile(20260401_185632).csv,33.3333,33.9142,34.6968,1.6106,2.1746,3.3551,3.3242,4.7288,7.376,13.2316,14.3776,15.7156,2.4494,3.0149,3.7825,2561.0902,2560.8398,2569.2773,0.2731,0.4642,0.9728
cubetest,87,r.TemporalAASamples,32,300,Profile(20260401_185656).csv,33.3349,33.8023,34.346,1.5847,2.2023,3.1187,3.3155,4.6046,6.5244,13.288,14.4306,15.037,2.4264,3.1498,5.0231,2560.3867,2560.2148,2568.6523,0.2845,0.4602,0.6287
cubetest,87,r.TemporalAASamples,64,300,Profile(20260401_185721).csv,33.3338,33.745,34.5011,1.5594,1.8932,3.2127,3.2397,3.8967,5.3165,8.5845,14.2327,15.5456,2.4035,2.8929,3.7425,2561.9656,2561.9648,2570.4023,0.1583,0.4744,0.5959
cubetest,87,r.TemporalAAFilterSize,0.1,300,Profile(20260401_185745).csv,33.3336,33.7689,34.5776,1.5656,1.9057,3.2196,3.2226,3.8572,5.2613,13.3155,14.4981,15.1025,2.3309,2.8806,4.1275,2560.8148,2560.5898,2569.0273,0.2589,0.4468,0.5119
cubetest,87,r.TemporalAAFilterSize,0.25,300,Profile(20260401_185809).csv,33.3321,33.7166,34.8818,1.5468,1.9316,3.4089,3.1658,3.761,5.4306,10.7421,14.2605,15.1872,2.3591,2.8925,3.4546,2560.9196,2560.8398,2569.2773,0.201,0.4609,0.5099
cubetest,87,r.TemporalAAFilterSize,0.5,300,Profile(20260401_185834).csv,33.3335,33.8595,36.0559,1.6239,2.1846,3.8782,3.302,4.4814,6.2971,13.3434,14.5374,15.743,2.3998,3.0188,3.9605,2563.0023,2562.8398,2571.2773,0.2774,0.4898,0.5274
cubetest,87,r.TemporalAAFilterSize,0.7,300,Profile(20260401_185858).csv,33.3331,33.7963,36.3345,1.6052,2.2034,3.4522,3.296,4.4305,5.9844,13.3353,14.3517,15.1399,2.3682,2.964,3.4651,2562.9186,2562.7148,2571.1523,0.3127,0.4967,1.0967
cubetest,87,r.TemporalAAFilterSize,0.9,300,Profile(20260401_185922).csv,33.3331,33.6726,34.6002,1.495,1.7362,3.2841,3.1213,3.6985,4.9921,13.266,14.455,15.6589,2.3347,2.8455,3.3988,2562.1304,2561.9648,2570.4023,0.2999,0.4651,1.1919
cubetest,87,r.TemporalAAFilterSize,0.95,300,Profile(20260401_185946).csv,33.3327,33.7198,34.6164,1.5539,1.854,3.7244,3.1923,3.7931,5.1604,13.329,14.4981,15.4174,2.3649,2.7534,3.5443,2561.0648,2560.8398,2569.2773,0.3052,0.4579,0.5898
cubetest,87,r.TemporalAAFilterSize,1.0,300,Profile(20260401_190010).csv,33.3331,33.7577,35.1479,1.548,1.9,4.0161,3.1886,3.7504,8.1887,12.5032,14.7409,32.1732,2.3575,2.7547,3.816,2561.8429,2561.5898,2570.0273,0.2664,0.4999,0.9749
cubetest,87,r.TemporalAA.HistoryScreenPercentage,100,300,Profile(20260401_190035).csv,33.3333,33.7809,34.8369,1.594,2.0572,3.3529,3.298,4.3296,5.9422,13.3833,14.5841,16.4383,2.4055,2.8312,3.632,2561.1211,2560.8398,2569.2773,0.3102,0.4936,0.9471
cubetest,87,r.TemporalAA.HistoryScreenPercentage,125,300,Profile(20260401_190059).csv,33.3332,33.7381,34.4282,1.5768,2.0999,3.4592,3.3186,4.4986,5.4388,13.4227,14.5321,15.5608,2.4499,3.1041,5.5094,2560.3429,2560.0898,2568.5273,0.2862,0.4548,0.5377
cubetest,87,r.TemporalAA.HistoryScreenPercentage,150,300,Profile(20260401_190123).csv,33.3347,33.764,34.5543,1.5586,1.8715,3.8638,3.2532,3.7543,5.725,10.0438,14.1681,14.8906,2.4068,2.931,3.2601,2561.1383,2560.9648,2569.4023,0.1998,0.4792,0.5222
cubetest,87,r.TemporalAA.HistoryScreenPercentage,200,300,Profile(20260401_190148).csv,33.3344,33.7189,34.5611,1.5532,1.8561,3.551,3.1965,3.8035,5.4202,13.4008,14.422,15.6187,2.3573,2.6982,3.2777,2561.0219,2560.8398,2569.2773,0.3067,0.4783,0.5939
cubetest,71,r.TemporalAACurrentFrameWeight,0.01,300,Profile(20260401_190212).csv,33.334,33.7234,35.1929,1.5273,1.815,3.5054,3.1214,3.6789,5.0874,8.0112,12.9438,22.9518,2.4041,2.7908,4.7453,2478.3848,2478.1836,2486.6211,0.1306,0.2879,0.8561
cubetest,71,r.TemporalAACurrentFrameWeight,0.02,300,Profile(20260401_190236).csv,33.3339,33.7918,35.605,1.5699,1.9844,3.7463,3.1399,3.7004,5.5775,9.1362,13.3218,25.0363,2.343,2.7496,3.3567,2478.309,2478.1836,2486.6211,0.1715,0.2591,0.9861
cubetest,71,r.TemporalAACurrentFrameWeight,0.04,300,Profile(20260401_190301).csv,33.3333,33.8081,35.5233,1.6323,2.317,3.0366,3.324,4.7963,7.3145,8.6641,13.129,22.9204,2.4249,3.232,5.7105,2479.104,2479.0586,2487.4961,0.1434,0.2656,0.8836
cubetest,71,r.TemporalAACurrentFrameWeight,0.06,300,Profile(20260401_190325).csv,33.3336,33.6864,34.9411,1.5373,1.9036,3.9641,3.1225,3.6885,5.2939,10.178,22.0985,25.5318,2.3159,2.7292,4.3113,2478.8403,2478.8086,2487.2461,0.2,0.5635,0.8591
cubetest,71,r.TemporalAACurrentFrameWeight,0.1,300,Profile(20260401_190349).csv,33.3352,33.8364,34.7941,1.5743,1.9198,3.6536,3.2164,3.7311,5.8178,9.4666,20.4478,24.3087,2.2928,2.6582,3.1822,2478.8536,2478.9336,2487.3711,0.1826,0.5942,1.0077
cubetest,71,r.TemporalAACurrentFrameWeight,0.2,300,Profile(20260401_190413).csv,33.3364,33.6897,35.1834,1.5418,1.8377,3.1024,3.1916,3.7254,6.7345,12.2571,22.3666,25.0296,2.302,2.7287,4.1643,2478.8069,2478.6836,2487.1211,0.2658,0.6882,0.8234
cubetest,71,r.TemporalAACurrentFrameWeight,0.5,300,Profile(20260401_190437).csv,33.3321,33.7541,34.7694,1.5718,1.9889,3.3488,3.1482,3.7454,5.2435,8.0192,13.0038,23.7158,2.3392,2.7909,3.3019,2478.8811,2478.6836,2487.1211,0.1317,0.2823,0.9698
cubetest,71,r.TemporalAACurrentFrameWeight,0.6,300,Profile(20260401_190502).csv,33.3327,33.7404,35.5438,1.5715,2.0555,4.5231,3.2421,4.4102,8.4049,8.5992,13.2427,24.8797,2.3668,2.986,3.7777,2477.8117,2477.5586,2485.9961,0.1411,0.2663,0.9502
cubetest,71,r.TemporalAACurrentFrameWeight,0.7,300,Profile(20260401_190526).csv,33.3325,33.7806,35.2188,1.5908,2.1853,3.7141,3.2584,4.3497,5.4697,12.1806,22.5671,24.3995,2.4507,2.9917,3.7117,2478.0096,2477.9336,2486.3711,0.2701,0.6271,1.837
cubetest,71,r.TemporalAACurrentFrameWeight,0.8,300,Profile(20260401_190550).csv,33.3341,33.7414,35.1267,1.5675,1.9754,3.9835,3.1596,3.768,4.8491,8.1581,13.1569,26.1046,2.4013,2.9223,4.6398,2477.5682,2477.3086,2485.7461,0.13,0.2572,0.8091
cubetest,71,r.TemporalAACurrentFrameWeight,0.9,300,Profile(20260401_190615).csv,33.3333,33.8367,34.341,1.5648,1.9227,3.7169,3.2049,3.81,5.6935,9.0036,13.5294,22.8643,2.4052,2.8835,3.3734,2478.2748,2478.0586,2486.4961,0.161,0.2478,1.5637
cubetest,71,r.TemporalAACurrentFrameWeight,1.0,300,Profile(20260401_190639).csv,33.3353,33.687,35.2062,1.5575,1.8636,4.2032,3.1685,3.7286,5.2105,8.3442,13.1522,24.065,2.3848,2.8988,4.1139,2478.0898,2477.8086,2486.2461,0.1431,0.2956,1.6937
cubetest,71,r.TemporalAASamples,4,300,Profile(20260401_190703).csv,33.3342,33.8065,36.1379,1.6138,2.229,4.4484,3.3183,4.5552,6.2896,7.6712,13.1554,26.3263,2.4522,3.1243,4.6419,2480.8853,2480.6836,2489.1211,0.1253,0.2426,0.9053
cubetest,71,r.TemporalAASamples,8,300,Profile(20260401_190727).csv,33.3332,33.7577,34.5854,1.5821,2.1123,3.4425,3.3362,4.6744,6.2855,12.1633,22.2431,26.0988,2.4218,3.0049,4.3782,2480.5701,2480.4336,2488.8711,0.2719,0.7682,1.8585
cubetest,71,r.TemporalAASamples,16,300,Profile(20260401_190751).csv,33.3331,33.7242,34.9404,1.5504,1.8914,4.1628,3.1771,3.6148,8.4447,8.4851,13.3148,25.3249,2.3617,2.8968,4.2,2477.9117,2477.8086,2486.2461,0.1476,0.2407,0.9697
cubetest,71,r.TemporalAASamples,32,300,Profile(20260401_190816).csv,33.3327,33.6354,34.4547,1.5164,1.8002,3.5947,3.1522,3.6504,5.5185,12.0277,22.0721,25.7466,2.3645,2.9131,4.0219,2477.5617,2477.3086,2485.7461,0.2577,0.7231,0.899
cubetest,71,r.TemporalAASamples,64,300,Profile(20260401_190840).csv,33.3321,33.7544,36.2429,1.6152,1.9728,3.5947,3.2198,3.7401,5.3944,8.3753,13.1704,24.1818,2.3861,2.7846,3.87,2477.8117,2477.5586,2485.9961,0.1371,0.2654,0.7239
cubetest,71,r.TemporalAAFilterSize,0.1,300,Profile(20260401_190904).csv,33.3328,33.8249,35.1057,1.629,2.2016,3.4598,3.3523,4.5186,6.8366,8.871,13.2716,23.6018,2.3971,3.0294,4.027,2478.8117,2478.5586,2486.9961,0.1591,0.2529,0.852
cubetest,71,r.TemporalAAFilterSize,0.25,300,Profile(20260401_190928).csv,33.3326,33.7736,34.4565,1.6032,2.1256,4.2514,3.2706,4.5098,6.7312,7.6376,11.7995,25.481,2.3759,2.9369,4.1659,2479.8373,2479.5586,2487.9961,0.1202,0.278,1.021
cubetest,71,r.TemporalAAFilterSize,0.5,300,Profile(20260401_190953).csv,33.3343,33.8204,34.6426,1.5917,1.9983,3.8926,3.2369,3.7287,5.6244,8.9725,13.1142,24.9476,2.4385,2.9814,3.7425,2478.8619,2478.8086,2487.2461,0.1539,0.2334,1.0117
cubetest,71,r.TemporalAAFilterSize,0.7,300,Profile(20260401_191017).csv,33.3337,33.7293,35.5602,1.5589,1.8696,3.6003,3.1733,3.7144,4.9359,8.2843,13.0666,23.4516,2.4337,3.0095,3.7848,2477.8398,2477.5586,2485.9961,0.1365,0.2356,1.2431
cubetest,71,r.TemporalAAFilterSize,0.9,300,Profile(20260401_191041).csv,33.3334,33.7045,35.5036,1.5372,1.8979,3.6797,3.1435,3.7039,5.1108,10.2094,19.4886,24.8877,2.3938,2.9681,3.557,2478.8117,2478.5586,2486.9961,0.2069,0.6512,0.8869
cubetest,71,r.TemporalAAFilterSize,0.95,300,Profile(20260401_191105).csv,33.3336,33.7998,34.3938,1.5616,1.9769,3.8382,3.2052,3.8541,5.9907,8.6839,13.2352,25.179,2.4085,3.0187,4.5438,2478.9742,2478.8086,2487.2461,0.1526,0.2951,1.0608
cubetest,71,r.TemporalAAFilterSize,1.0,300,Profile(20260401_191130).csv,33.3322,33.7246,34.4942,1.594,2.1039,3.6062,3.2585,4.1533,5.9397,8.3463,13.0515,23.576,2.506,3.1187,4.0361,2477.7836,2477.5586,2485.9961,0.1365,0.2472,0.8562
cubetest,71,r.TemporalAA.HistoryScreenPercentage,100,300,Profile(20260401_191154).csv,33.333,33.7353,34.9209,1.551,1.8358,3.6774,3.173,3.6509,5.733,7.4262,13.3206,25.656,2.524,3.0344,4.3466,2478.0319,2477.9336,2486.3711,0.1223,0.2536,0.9502
cubetest,71,r.TemporalAA.HistoryScreenPercentage,125,300,Profile(20260401_191218).csv,33.3328,33.7637,34.8038,1.5459,1.9273,3.2229,3.1246,3.6837,5.127,9.1274,13.4286,25.2358,2.3336,2.8035,3.4529,2478.0617,2477.8086,2486.2461,0.1781,0.2778,1.0333
cubetest,71,r.TemporalAA.HistoryScreenPercentage,150,300,Profile(20260401_191243).csv,33.3332,33.7153,34.7956,1.5732,1.8675,4.0784,3.1947,3.7688,5.1118,10.7007,13.406,22.8678,2.3859,2.8005,5.0263,2479.0617,2478.8086,2487.2461,0.2071,0.2796,0.8796
cubetest,71,r.TemporalAA.HistoryScreenPercentage,200,300,Profile(20260401_191307).csv,33.3341,33.7671,35.1149,1.5256,1.8536,3.9792,3.1471,3.8234,8.5519,9.2959,13.6635,25.6895,2.4189,2.9286,5.9408,2478.8117,2478.5586,2486.9961,0.1778,0.2653,1.9732
cubetest,50,r.TemporalAACurrentFrameWeight,0.01,300,Profile(20260401_191331).csv,33.3333,33.726,35.0125,1.5788,2.1569,3.8179,3.2645,4.3207,6.7313,10.2674,18.6022,24.6594,2.3566,2.987,3.8731,2420.6485,2420.3672,2428.8047,0.184,0.3823,0.6749
cubetest,50,r.TemporalAACurrentFrameWeight,0.02,300,Profile(20260401_191355).csv,33.3342,33.7614,34.4959,1.5758,1.9378,3.2238,3.1961,3.848,5.9297,10.0289,18.2507,21.9655,2.413,2.9603,3.4002,2420.6203,2420.3672,2428.8047,0.1795,0.4424,0.5294
cubetest,50,r.TemporalAACurrentFrameWeight,0.04,300,Profile(20260401_191420).csv,33.3336,33.7421,35.2632,1.5414,1.8532,3.3137,3.147,3.7658,4.825,10.6026,20.9747,25.1899,2.3334,2.7339,4.1355,2421.4476,2421.2422,2429.6797,0.1887,0.4282,0.6963
cubetest,50,r.TemporalAACurrentFrameWeight,0.06,300,Profile(20260401_191444).csv,33.3334,33.7531,34.7863,1.5761,1.8988,3.8193,3.1849,3.7794,4.939,8.145,11.8423,22.4219,2.3708,2.8432,3.5993,2419.4745,2419.2422,2427.6797,0.1298,0.2511,0.6779
cubetest,50,r.TemporalAACurrentFrameWeight,0.1,300,Profile(20260401_191508).csv,33.3329,33.7295,34.5588,1.4921,1.7527,3.4873,3.0933,3.5504,5.046,10.6043,18.2424,21.6945,2.3727,2.9883,3.856,2420.6485,2420.3672,2428.8047,0.1929,0.422,0.4924
cubetest,50,r.TemporalAACurrentFrameWeight,0.2,300,Profile(20260401_191532).csv,33.3333,33.7933,35.519,1.6227,2.3187,3.3674,3.3175,4.5091,6.4134,10.2547,18.8554,23.6012,2.4383,3.0495,3.7474,2421.3703,2421.1172,2429.5547,0.1801,0.3928,0.6348
cubetest,50,r.TemporalAACurrentFrameWeight,0.5,300,Profile(20260401_191557).csv,33.3334,33.7863,34.9597,1.5963,2.119,3.507,3.3443,4.5644,5.7616,10.0801,18.1371,21.8942,2.3594,3.02,4.0446,2419.3703,2419.1172,2427.5547,0.169,0.3612,0.6625
cubetest,50,r.TemporalAACurrentFrameWeight,0.6,300,Profile(20260401_191621).csv,33.3327,33.7572,34.7735,1.5554,1.8688,3.6008,3.223,3.8117,6.7184,10.1124,18.1881,23.2221,2.3797,2.8078,3.7103,2419.6374,2419.4922,2427.9297,0.1726,0.3738,0.6369
cubetest,50,r.TemporalAACurrentFrameWeight,0.7,300,Profile(20260401_191645).csv,33.3332,33.8299,35.2924,1.5774,1.9539,3.3704,3.2187,3.8573,5.9701,10.238,17.9596,22.6689,2.3451,2.7898,4.4129,2420.4724,2420.2422,2428.6797,0.1787,0.4099,0.729
cubetest,50,r.TemporalAACurrentFrameWeight,0.8,300,Profile(20260401_191709).csv,33.3335,33.7207,35.1073,1.5508,1.8847,3.9087,3.1611,3.7018,5.2883,10.2029,18.4745,23.9443,2.3889,2.8842,3.3551,2420.5839,2420.3672,2428.8047,0.1855,0.4178,0.6738
cubetest,50,r.TemporalAACurrentFrameWeight,0.9,300,Profile(20260401_191734).csv,33.3333,33.7473,34.8978,1.5689,2.0146,3.7567,3.1924,3.9027,5.2142,10.3249,19.0635,24.6254,2.4282,3.02,3.7766,2419.4393,2419.2422,2427.6797,0.1876,0.4097,0.7138
cubetest,50,r.TemporalAACurrentFrameWeight,1.0,300,Profile(20260401_191758).csv,33.3337,33.863,35.406,1.6535,2.3007,5.1059,3.3238,5.0242,7.113,8.4569,18.411,24.4972,2.4109,3.0165,3.7818,2419.3703,2419.1172,2427.5547,0.1392,0.3761,0.6472
cubetest,50,r.TemporalAASamples,4,300,Profile(20260401_191822).csv,33.3332,33.7349,35.1239,1.5524,1.8631,4.2344,3.1796,3.6825,5.6407,10.164,18.6077,21.7152,2.4101,3.0465,3.4811,2420.5745,2420.3672,2428.8047,0.1853,0.459,0.5612
cubetest,50,r.TemporalAASamples,8,300,Profile(20260401_191846).csv,33.3321,33.7753,35.8468,1.552,1.8472,4.2428,3.1692,3.8096,4.7561,10.0241,18.1935,21.4831,2.3765,2.8793,4.2355,2420.441,2420.3672,2428.8047,0.1801,0.3699,0.639
cubetest,50,r.TemporalAASamples,16,300,Profile(20260401_191911).csv,33.3329,33.7161,35.0727,1.5558,1.9781,3.5216,3.159,3.7147,7.1025,10.1756,18.1647,21.1047,2.3648,3.0044,3.8517,2420.437,2420.3672,2428.8047,0.1761,0.3523,0.4731
cubetest,50,r.TemporalAASamples,32,300,Profile(20260401_191935).csv,33.3344,33.8501,35.3179,1.6049,2.1822,4.3892,3.3057,4.472,6.0358,10.3971,18.6036,24.6857,2.5105,3.2368,3.6356,2419.7397,2419.4922,2427.9297,0.1891,0.4764,1.4234
cubetest,50,r.TemporalAASamples,64,300,Profile(20260401_191959).csv,33.3336,33.8165,35.2031,1.6013,2.063,4.0845,3.2575,4.3103,6.5997,10.2054,18.3882,22.1693,2.394,3.0078,4.4322,2419.4901,2419.2422,2427.6797,0.1841,0.3674,0.683
cubetest,50,r.TemporalAAFilterSize,0.1,300,Profile(20260401_192023).csv,33.3333,33.7165,35.0229,1.5603,1.8443,3.7705,3.1727,3.693,4.8071,10.493,20.308,25.1453,2.3573,2.7162,3.1985,2420.6485,2420.3672,2428.8047,0.1886,0.4231,0.5643
cubetest,50,r.TemporalAAFilterSize,0.25,300,Profile(20260401_192048).csv,33.3331,33.705,36.7505,1.5413,1.8539,5.7628,3.1285,3.7325,5.2375,10.042,18.0932,21.8213,2.3508,2.804,4.9289,2420.5095,2420.4922,2428.9297,0.182,0.4199,0.5632
cubetest,50,r.TemporalAAFilterSize,0.5,300,Profile(20260401_192112).csv,33.3341,33.6567,35.0765,1.5284,1.8751,3.6922,3.134,3.6103,8.1847,10.0006,15.9501,24.2396,2.3494,2.8223,3.8325,2421.6697,2421.4922,2429.9297,0.1808,0.3944,1.0108
cubetest,50,r.TemporalAAFilterSize,0.7,300,Profile(20260401_192136).csv,33.3331,33.705,34.6682,1.5482,1.8356,3.639,3.1447,3.6728,4.9666,10.1063,18.29,22.6784,2.3204,2.885,3.5842,2419.5047,2419.2422,2427.6797,0.1782,0.3555,0.5274
cubetest,50,r.TemporalAAFilterSize,0.9,300,Profile(20260401_192201).csv,33.333,33.774,34.9341,1.6042,2.2199,4.002,3.3434,4.61,5.8708,10.3134,18.4299,24.2976,2.3536,2.9966,4.0895,2420.3703,2420.1172,2428.5547,0.1879,0.421,1.6169
cubetest,50,r.TemporalAAFilterSize,0.95,300,Profile(20260401_192225).csv,33.3319,33.7506,34.6826,1.561,1.9539,3.0842,3.1619,3.7407,5.9278,9.4152,17.4673,23.3993,2.3985,2.9476,4.1374,2420.3118,2420.1172,2428.5547,0.1647,0.3887,0.6298
cubetest,50,r.TemporalAAFilterSize,1.0,300,Profile(20260401_192249).csv,33.3335,33.7731,35.1852,1.5442,1.9162,3.1739,3.1341,3.651,5.146,9.8969,18.0521,20.7077,2.2941,2.8215,3.1481,2420.446,2420.2422,2428.6797,0.1719,0.429,0.9062
cubetest,50,r.TemporalAA.HistoryScreenPercentage,100,300,Profile(20260401_192313).csv,33.3334,33.7094,35.6717,1.5283,1.8494,3.1067,3.1086,3.5825,5.9204,10.2019,18.3052,21.8418,2.3589,2.9065,3.6031,2420.493,2420.3672,2428.8047,0.1814,0.3872,0.7015
cubetest,50,r.TemporalAA.HistoryScreenPercentage,125,300,Profile(20260401_192338).csv,33.334,33.7686,34.7993,1.5443,1.8164,3.8228,3.2131,3.8166,4.6381,10.0982,18.1652,21.994,2.3802,2.926,4.6933,2420.1303,2419.9922,2428.4297,0.1793,0.3606,0.5059
cubetest,50,r.TemporalAA.HistoryScreenPercentage,150,300,Profile(20260401_192402).csv,33.334,33.7916,34.6635,1.5992,2.1634,3.121,3.2402,4.3059,6.0713,10.2668,18.0773,22.9935,2.4062,3.1141,3.6251,2420.3195,2420.1172,2428.5547,0.1803,0.3667,0.7649
cubetest,50,r.TemporalAA.HistoryScreenPercentage,200,300,Profile(20260401_192426).csv,33.335,33.8132,35.3389,1.6206,2.2001,3.5842,3.3181,4.6472,7.1878,7.812,12.0813,23.6136,2.4566,3.1347,4.1665,2420.5922,2420.3672,2428.8047,0.1174,0.2482,0.6983
abandoned-demo,100,r.TemporalAACurrentFrameWeight,0.01,300,Profile(20260401_192810).csv,33.3335,33.8043,35.0723,1.4166,1.7505,2.2252,2.8086,3.5209,4.2294,12.4467,12.6141,13.6726,2.0921,2.6102,2.9697,2606.0686,2606.1211,2606.1211,0.0,0.0,0.0
abandoned-demo,100,r.TemporalAACurrentFrameWeight,0.02,300,Profile(20260401_192834).csv,33.3338,33.8403,35.3928,1.5535,2.1513,3.246,2.965,4.1175,6.1114,8.4983,13.3338,27.017,2.0083,2.4962,2.973,2605.6853,2605.7461,2605.7461,0.0,0.0,0.0
abandoned-demo,100,r.TemporalAACurrentFrameWeight,0.01,300,Profile(20260401_193056).csv,33.3357,33.8937,34.3261,1.5592,2.0419,3.182,3.0863,4.1175,5.2403,13.5829,13.9557,14.7722,1.9905,2.4591,3.0032,2618.5274,2618.2461,2626.6836,0.1994,0.2829,0.4177
abandoned-demo,100,r.TemporalAACurrentFrameWeight,0.02,300,Profile(20260401_193120).csv,33.3349,33.7193,34.2756,1.4751,1.8545,2.253,2.9366,3.5753,4.5753,13.6212,14.0925,16.9928,1.9683,2.3522,3.0212,2618.5274,2618.2461,2626.6836,0.2223,0.3535,0.6175
abandoned-demo,100,r.TemporalAACurrentFrameWeight,0.04,300,Profile(20260401_193144).csv,33.3326,33.752,34.1736,1.4969,1.7842,2.0463,2.9552,3.6381,4.3714,13.6109,14.2747,15.7176,1.9889,2.3082,3.0286,2615.2774,2614.9961,2623.4336,0.2085,0.2941,0.469
abandoned-demo,100,r.TemporalAACurrentFrameWeight,0.06,300,Profile(20260401_193208).csv,33.3337,33.6985,34.0717,1.4563,1.7611,2.0886,2.913,3.5307,5.1813,13.6088,13.9554,14.7332,2.0151,2.5042,2.9312,2617.7492,2617.4961,2625.9336,0.2139,0.3208,0.4107
abandoned-demo,100,r.TemporalAACurrentFrameWeight,0.1,300,Profile(20260401_193233).csv,33.3334,33.8067,36.2459,1.5714,2.1879,2.8845,3.0543,4.0302,6.891,13.5584,14.1072,14.8726,2.0208,2.6942,3.6279,2616.2492,2615.9961,2624.4336,0.2015,0.2858,0.3379
abandoned-demo,100,r.TemporalAACurrentFrameWeight,0.2,300,Profile(20260401_193304).csv,33.3349,33.7619,34.304,1.5327,2.0913,3.0416,3.0421,4.3969,6.2732,13.575,13.9599,15.16,2.0013,2.6839,5.453,2618.4711,2618.2461,2626.6836,0.1975,0.2786,0.3696
abandoned-demo,100,r.TemporalAACurrentFrameWeight,0.5,300,Profile(20260401_193327).csv,33.3342,33.7377,34.3879,1.5416,2.1867,2.8466,3.0685,4.4199,7.5648,9.8018,14.0963,14.9576,2.0235,2.6204,3.2768,2617.5274,2617.2461,2625.6836,0.1303,0.2596,0.4536
abandoned-demo,100,r.TemporalAACurrentFrameWeight,0.6,300,Profile(20260401_193352).csv,33.3345,33.7154,34.3064,1.4651,1.7604,2.199,2.9742,3.6291,5.2762,13.7276,14.1506,14.9457,1.8777,2.189,2.6879,2615.9567,2615.8086,2624.2461,0.2108,0.2857,0.3595
abandoned-demo,100,r.TemporalAACurrentFrameWeight,0.7,300,Profile(20260401_193416).csv,33.3344,33.7596,36.2939,1.4665,1.7896,3.1553,2.931,3.4909,5.1639,13.6661,14.1155,15.4048,2.0246,2.4464,3.2738,2616.8165,2616.6211,2625.0586,0.1931,0.2663,0.3154
abandoned-demo,100,r.TemporalAACurrentFrameWeight,0.8,300,Profile(20260401_193440).csv,33.3337,33.7435,35.7458,1.5129,1.902,2.8349,2.9612,3.5779,4.9179,13.6644,14.0849,15.3835,1.9257,2.2722,2.7248,2616.4992,2616.2461,2624.6836,0.2048,0.2836,0.3696
abandoned-demo,100,r.TemporalAACurrentFrameWeight,0.9,300,Profile(20260401_193504).csv,33.3338,33.8136,34.0495,1.509,2.0114,2.6662,3.0092,4.008,6.0346,13.5581,14.0085,14.7193,1.9682,2.4106,3.4009,2616.9505,2616.8711,2625.3086,0.1919,0.2694,0.2877
abandoned-demo,100,r.TemporalAACurrentFrameWeight,1.0,300,Profile(20260401_193529).csv,33.334,33.7241,34.1376,1.5418,1.9767,2.478,3.019,3.9669,5.3722,13.6907,14.3639,15.4168,1.9969,2.5725,3.2208,2615.0274,2614.7461,2623.1836,0.1968,0.2734,0.3523
abandoned-demo,100,r.TemporalAASamples,4,300,Profile(20260401_193553).csv,33.3348,33.7399,34.4675,1.5027,1.8199,2.3379,2.9496,3.5572,5.5035,13.6279,13.9873,15.1439,1.9679,2.3557,2.9778,2616.9992,2616.7461,2625.1836,0.196,0.2734,0.2837
abandoned-demo,100,r.TemporalAASamples,8,300,Profile(20260401_193617).csv,33.3329,33.8137,34.5413,1.5003,1.8552,2.2373,2.9773,3.6437,4.5021,8.612,13.8848,14.4352,2.0483,2.5265,2.8744,2617.7774,2617.4961,2625.9336,0.1047,0.2572,0.3819
abandoned-demo,100,r.TemporalAASamples,16,300,Profile(20260401_193641).csv,33.3332,33.8273,34.2341,1.5179,1.9127,2.2441,3.0082,3.6265,5.2786,13.4646,13.8294,14.7813,1.9865,2.4611,3.2225,2618.4992,2618.2461,2626.6836,0.1862,0.256,0.3748
abandoned-demo,100,r.TemporalAASamples,32,300,Profile(20260401_193706).csv,33.3341,33.8406,35.9067,1.5198,1.9571,2.8672,2.9529,3.6264,4.7767,13.6585,14.0822,15.1924,1.9988,2.4196,3.0415,2617.2492,2616.9961,2625.4336,0.1925,0.2775,0.2929
abandoned-demo,100,r.TemporalAASamples,64,300,Profile(20260401_193730).csv,33.3342,33.9157,34.2438,1.577,2.1605,2.7918,3.1362,4.4741,5.9553,13.6586,14.102,15.1268,2.0169,2.6772,3.8366,2616.4803,2616.2586,2624.9336,0.1972,0.2693,0.3788
abandoned-demo,100,r.TemporalAAFilterSize,0.1,300,Profile(20260401_193754).csv,33.3339,33.7956,34.4854,1.4788,1.8129,2.2629,2.9309,3.4591,4.9122,13.551,14.0754,15.1797,1.9785,2.3516,2.752,2615.7774,2615.4961,2623.9336,0.1987,0.2867,0.3686
abandoned-demo,100,r.TemporalAAFilterSize,0.25,300,Profile(20260401_193818).csv,33.3336,33.7836,35.7454,1.5253,1.88,2.9002,2.9767,3.5882,5.1184,13.6241,14.0794,14.9347,1.9617,2.2926,2.926,2616.2211,2615.9961,2624.4336,0.1996,0.2867,0.342
abandoned-demo,100,r.TemporalAAFilterSize,0.5,300,Profile(20260401_193843).csv,33.3346,33.8283,36.3002,1.5541,1.9674,2.7721,2.9942,3.585,5.0094,13.6334,14.1253,15.3386,1.9447,2.2144,3.0371,2615.4992,2615.2461,2623.6836,0.1996,0.2796,0.3778
abandoned-demo,100,r.TemporalAAFilterSize,0.7,300,Profile(20260401_193907).csv,33.3339,33.8203,35.2518,1.4879,1.9541,2.7716,2.9349,3.5586,6.192,13.7453,14.1375,14.9349,1.9075,2.2495,3.53,2616.9828,2616.9961,2625.4336,0.1949,0.2684,0.2816
abandoned-demo,100,r.TemporalAAFilterSize,0.9,300,Profile(20260401_193931).csv,33.3339,33.8494,34.2852,1.5325,2.0086,2.8724,3.0318,4.1988,6.042,13.5805,14.0636,15.3217,1.9873,2.4727,3.2747,2616.2774,2615.9961,2624.4336,0.1857,0.2602,0.341
abandoned-demo,100,r.TemporalAAFilterSize,0.95,300,Profile(20260401_193955).csv,33.3349,33.8236,34.3722,1.5274,1.8799,2.5413,3.0333,3.763,5.9401,13.7153,14.1235,15.3106,1.9259,2.3399,3.0008,2615.2211,2614.9961,2623.4336,0.1964,0.2746,0.3482
abandoned-demo,100,r.TemporalAAFilterSize,1.0,300,Profile(20260401_194020).csv,33.3334,33.6904,35.5207,1.4613,1.7676,2.4482,2.895,3.3884,4.5272,13.6177,14.0819,14.723,1.941,2.2886,2.7618,2615.6974,2615.4961,2623.9336,0.1976,0.2816,0.297
abandoned-demo,100,r.TemporalAA.HistoryScreenPercentage,100,300,Profile(20260401_194044).csv,33.3312,33.7662,34.3583,1.5111,1.8719,2.5745,2.9494,3.5355,4.5954,13.5716,13.8922,15.3261,1.9555,2.404,3.0357,2615.6967,2615.4961,2623.9336,0.2147,0.3246,0.4158
abandoned-demo,100,r.TemporalAA.HistoryScreenPercentage,125,300,Profile(20260401_194108).csv,33.3337,33.7172,34.541,1.4522,1.7175,2.2738,2.88,3.4385,5.1107,13.7062,14.0792,14.2785,1.9333,2.3493,3.0017,2616.2492,2615.9961,2624.4336,0.1887,0.2724,0.3605
abandoned-demo,100,r.TemporalAA.HistoryScreenPercentage,150,300,Profile(20260401_194132).csv,33.3338,33.7747,34.4763,1.5278,2.007,2.557,3.029,4.0486,5.7477,13.6324,14.4633,15.5018,1.984,2.3902,3.2504,2616.4748,2616.2461,2624.8086,0.1892,0.2754,0.4137
abandoned-demo,100,r.TemporalAA.HistoryScreenPercentage,200,300,Profile(20260401_194157).csv,33.3341,33.7902,34.5413,1.5376,2.1115,2.7958,3.0868,4.2611,6.1399,13.5084,13.9162,16.1299,2.0271,2.6108,3.682,2617.3836,2617.1211,2625.5586,0.1946,0.2714,0.3758
abandoned-demo,87,r.TemporalAACurrentFrameWeight,0.01,300,Profile(20260401_194221).csv,33.3336,33.7208,34.3959,1.5038,1.861,2.2741,2.9499,3.4916,5.5335,9.0093,12.8712,30.4752,2.0222,2.4649,2.9389,2559.9648,2559.6836,2568.1211,0.1222,0.1834,3.3525
abandoned-demo,87,r.TemporalAACurrentFrameWeight,0.02,300,Profile(20260401_194245).csv,33.3335,33.7458,35.5799,1.4955,1.8552,2.6857,2.9415,3.5196,4.9315,9.0631,12.9169,30.9252,1.9895,2.4356,3.1705,2562.1867,2561.9336,2570.3711,0.1141,0.1814,0.8131
abandoned-demo,87,r.TemporalAACurrentFrameWeight,0.04,300,Profile(20260401_194309).csv,33.3334,33.7864,34.7615,1.484,1.8216,3.0727,2.9935,3.5889,4.7974,8.6626,13.0059,27.1723,2.0398,2.5304,3.0179,2562.9686,2562.6898,2571.2461,0.1057,0.1814,0.7936
abandoned-demo,87,r.TemporalAACurrentFrameWeight,0.06,300,Profile(20260401_194334).csv,33.3354,33.8892,34.3248,1.5614,2.347,2.7778,3.0707,4.6835,6.5791,9.069,12.9127,30.5013,2.0347,2.7999,3.6082,2560.2148,2559.9336,2568.3711,0.1152,0.1926,0.855
abandoned-demo,87,r.TemporalAACurrentFrameWeight,0.1,300,Profile(20260401_194358).csv,33.3337,33.7335,34.1308,1.5318,2.1097,2.6296,3.0754,4.6054,6.0926,11.0903,13.012,14.1178,2.1061,2.7514,3.3831,2560.4648,2560.1836,2568.6211,0.1408,0.1823,0.2857
abandoned-demo,87,r.TemporalAACurrentFrameWeight,0.2,300,Profile(20260401_194422).csv,33.334,33.7787,34.3557,1.5056,1.8383,2.3289,2.9659,3.563,4.6891,10.8403,12.9784,26.0731,1.9581,2.4076,2.7623,2560.7876,2560.5586,2568.9961,0.1472,0.2481,1.8124
abandoned-demo,87,r.TemporalAACurrentFrameWeight,0.5,300,Profile(20260401_194446).csv,33.3325,33.8506,36.457,1.5357,1.8917,3.0801,2.9615,3.6728,5.3595,8.8627,12.9232,31.6454,1.9918,2.4594,3.1553,2560.4432,2560.1836,2568.6211,0.1072,0.1793,0.64
abandoned-demo,87,r.TemporalAACurrentFrameWeight,0.6,300,Profile(20260401_194511).csv,33.3325,33.7614,34.4695,1.4972,1.8534,2.5556,2.969,3.5908,5.6678,9.4277,12.9772,29.2743,2.0261,2.4962,3.5404,2560.4819,2560.4336,2568.8711,0.1201,0.1969,0.7097
abandoned-demo,87,r.TemporalAACurrentFrameWeight,0.7,300,Profile(20260401_194535).csv,33.3327,33.7952,34.3321,1.578,2.1397,2.7676,3.1465,4.2752,5.8845,9.1868,13.5519,26.6956,2.0741,2.6736,3.3423,2561.4367,2561.1836,2569.6211,0.1119,0.1775,0.6687
abandoned-demo,87,r.TemporalAACurrentFrameWeight,0.8,300,Profile(20260401_194559).csv,33.3327,33.8117,34.4709,1.5505,2.1695,2.6802,3.1142,4.6317,5.999,11.0251,13.024,14.29,1.9896,2.6144,3.0914,2563.1867,2562.9336,2571.3711,0.1433,0.1976,1.0066
abandoned-demo,87,r.TemporalAACurrentFrameWeight,0.9,300,Profile(20260401_194623).csv,33.3347,33.9493,35.0778,1.5906,2.0325,3.2334,3.0215,3.5931,4.7673,8.7033,12.9583,26.6871,2.0183,2.5371,3.1406,2560.6867,2560.4336,2568.8711,0.104,0.1802,0.7199
abandoned-demo,87,r.TemporalAACurrentFrameWeight,1.0,300,Profile(20260401_194648).csv,33.3328,33.7872,35.6082,1.5152,1.878,2.9004,2.9758,3.6265,5.0534,8.6601,12.9349,29.4814,1.9514,2.2928,2.7745,2560.4367,2560.1836,2568.6211,0.1082,0.2402,0.8499
abandoned-demo,87,r.TemporalAASamples,4,300,Profile(20260401_194712).csv,33.335,33.8242,36.2872,1.5176,1.9237,2.9734,2.9738,3.63,5.2187,8.4879,12.9017,26.2099,1.9787,2.3973,3.163,2564.1867,2563.9336,2572.3711,0.1051,0.1925,0.9267
abandoned-demo,87,r.TemporalAASamples,8,300,Profile(20260401_194736).csv,33.3335,33.7086,33.9941,1.4691,1.7563,2.0858,2.9358,3.5215,4.7796,9.3109,13.0218,27.7514,2.0014,2.3706,2.8505,2562.8217,2562.6836,2571.1211,0.1169,0.2001,0.8172
abandoned-demo,87,r.TemporalAASamples,16,300,Profile(20260401_194800).csv,33.3332,33.8093,34.2471,1.5688,2.2047,2.8098,3.0913,4.3722,6.0421,11.1535,13.0181,30.5678,2.0711,2.7576,3.5911,2563.1586,2562.9336,2571.3711,0.1461,0.1813,0.8059
abandoned-demo,87,r.TemporalAASamples,32,300,Profile(20260401_194825).csv,33.3335,33.7778,34.4557,1.537,1.9569,2.8531,3.0082,3.6024,4.5264,8.5017,12.8701,27.7911,2.0382,2.5021,3.3552,2561.2148,2560.9336,2569.3711,0.1061,0.2122,0.6728
abandoned-demo,87,r.TemporalAASamples,64,300,Profile(20260401_194849).csv,33.3354,33.8566,35.1623,1.5296,1.9026,2.7374,2.9896,3.6052,4.686,8.8371,12.9914,27.5457,2.0248,2.5056,2.8738,2562.4367,2562.1836,2570.6211,0.107,0.1844,0.8059
abandoned-demo,87,r.TemporalAAFilterSize,0.1,300,Profile(20260401_194913).csv,33.3338,33.7495,34.1369,1.4788,1.8601,2.1503,2.9674,3.5885,4.5778,10.4808,12.9392,15.6632,1.9978,2.3561,2.939,2561.1607,2560.9336,2569.4961,0.1338,0.2602,0.4055
abandoned-demo,87,r.TemporalAAFilterSize,0.25,300,Profile(20260401_194937).csv,33.333,33.8186,34.2123,1.5321,1.9081,2.0795,3.0466,3.7315,4.7014,8.7698,13.0103,28.2426,2.0215,2.5323,4.0881,2561.4648,2561.1836,2569.6211,0.1043,0.1762,0.7906
abandoned-demo,87,r.TemporalAAFilterSize,0.5,300,Profile(20260401_195002).csv,33.3347,33.8477,34.2637,1.5449,2.0511,2.5095,3.0954,4.2508,5.8677,8.681,12.9477,26.4342,2.0887,2.6911,3.3637,2562.4648,2562.1836,2570.6211,0.1049,0.1792,0.8264
abandoned-demo,87,r.TemporalAAFilterSize,0.7,300,Profile(20260401_195026).csv,33.335,33.8335,34.9366,1.5566,2.1883,2.6303,3.0859,4.2588,6.0329,8.6921,12.9621,26.3581,2.0176,2.5167,3.5725,2562.5842,2562.5586,2570.9961,0.1116,0.2459,0.9861
abandoned-demo,87,r.TemporalAAFilterSize,0.9,300,Profile(20260401_195050).csv,33.3344,33.8287,34.265,1.5409,1.9399,2.2674,3.0275,3.6461,5.3675,10.8034,12.9312,14.1424,2.0248,2.4876,2.9439,2560.2148,2559.9336,2568.3711,0.1369,0.1997,0.2806
abandoned-demo,87,r.TemporalAAFilterSize,0.95,300,Profile(20260401_195115).csv,33.3352,33.7451,35.1112,1.4891,1.8441,2.3403,2.9304,3.5094,4.5976,8.0842,12.9344,13.0445,1.9697,2.3218,3.0578,2560.6867,2560.4336,2568.8711,0.0906,0.1762,0.2017
abandoned-demo,87,r.TemporalAAFilterSize,1.0,300,Profile(20260401_195139).csv,33.3335,33.7327,34.5382,1.5191,1.8901,2.5601,2.9473,3.4996,4.3159,9.2517,12.9234,28.216,1.9815,2.4331,2.7805,2559.9728,2559.8086,2568.2461,0.1153,0.1792,0.7486
abandoned-demo,87,r.TemporalAA.HistoryScreenPercentage,100,300,Profile(20260401_195203).csv,33.3335,33.8551,35.2329,1.5955,2.3714,2.9525,3.187,4.6696,6.7581,7.6057,12.9653,15.0486,2.0326,2.9352,3.5255,2561.1867,2560.9336,2569.3711,0.0865,0.1773,0.2017
abandoned-demo,87,r.TemporalAA.HistoryScreenPercentage,125,300,Profile(20260401_195227).csv,33.3345,33.8057,34.7241,1.5978,2.2388,2.7716,3.1152,4.4335,5.9417,8.6311,12.8987,29.2653,2.0494,2.7845,3.7295,2562.4661,2562.1836,2570.7461,0.1015,0.1803,0.7363
abandoned-demo,87,r.TemporalAA.HistoryScreenPercentage,150,300,Profile(20260401_195252).csv,33.3338,33.8506,34.3033,1.5639,1.9183,2.2624,3.0435,3.611,6.4992,8.6157,13.0514,27.4759,1.9889,2.3586,2.8141,2560.4648,2560.1836,2568.6211,0.1176,0.1834,3.3986
abandoned-demo,87,r.TemporalAA.HistoryScreenPercentage,200,300,Profile(20260401_195316).csv,33.3335,33.773,34.9033,1.4982,1.8301,2.6531,2.9857,3.5705,5.825,8.9321,13.4376,26.463,1.9885,2.3979,4.0074,2563.4086,2563.1836,2571.6211,0.1113,0.1833,0.7946
abandoned-demo,71,r.TemporalAACurrentFrameWeight,0.01,300,Profile(20260401_195340).csv,33.3332,33.7612,34.4722,1.5178,1.8309,2.2651,2.9434,3.5011,4.9746,10.5789,20.7351,21.4932,1.9751,2.2606,2.8872,2490.3554,2490.3398,2498.7773,0.1851,0.4886,0.5991
abandoned-demo,71,r.TemporalAACurrentFrameWeight,0.02,300,Profile(20260401_195404).csv,33.3344,33.8373,34.5849,1.5414,2.1206,2.8293,3.0121,4.4001,6.4176,10.8111,20.804,25.6364,2.0116,2.5383,3.313,2487.5929,2487.3398,2495.7773,0.1904,0.4214,0.8079
abandoned-demo,71,r.TemporalAACurrentFrameWeight,0.04,300,Profile(20260401_195429).csv,33.3325,33.8568,34.2489,1.5788,2.0602,2.42,3.0616,4.071,5.6583,10.5915,20.4504,21.9645,2.0028,2.5142,3.5314,2487.8711,2487.5898,2496.0273,0.1911,0.4006,1.4848
abandoned-demo,71,r.TemporalAACurrentFrameWeight,0.06,300,Profile(20260401_195453).csv,33.3328,33.7898,34.3261,1.5051,1.8531,3.01,2.9935,3.7498,5.2193,10.6242,20.641,25.4793,2.0184,2.5727,3.9048,2490.4483,2490.3398,2498.9023,0.1851,0.424,0.6728
abandoned-demo,71,r.TemporalAACurrentFrameWeight,0.1,300,Profile(20260401_195517).csv,33.3348,33.857,34.5144,1.5561,1.984,2.5035,2.9894,3.6781,5.0484,6.0023,10.5871,25.2916,2.0445,2.4121,3.0231,2490.3429,2490.0898,2498.5273,0.0782,0.1691,0.9318
abandoned-demo,71,r.TemporalAACurrentFrameWeight,0.2,300,Profile(20260401_195541).csv,33.3338,33.8614,34.0539,1.5505,1.9146,2.2389,3.0375,3.7155,5.8751,7.7232,10.6995,24.2136,2.0016,2.3734,2.7041,2489.1248,2488.846,2497.4023,0.1081,0.1784,0.6943
abandoned-demo,71,r.TemporalAACurrentFrameWeight,0.5,300,Profile(20260401_195606).csv,33.3342,33.8108,34.3645,1.5173,1.9878,2.3322,2.9808,3.785,5.199,10.5555,20.7146,24.2664,2.0172,2.5966,3.0799,2487.8148,2487.5898,2496.0273,0.1764,0.4139,0.5253
abandoned-demo,71,r.TemporalAACurrentFrameWeight,0.6,300,Profile(20260401_195630).csv,33.334,33.8304,34.5753,1.5412,2.0751,2.5768,3.044,4.2766,5.8354,10.5793,20.5653,21.719,2.0192,2.6259,3.5185,2488.8961,2488.8398,2497.2773,0.1775,0.4263,0.599
abandoned-demo,71,r.TemporalAACurrentFrameWeight,0.7,300,Profile(20260401_195654).csv,33.334,33.7751,35.7594,1.5174,1.9041,2.7973,2.9626,3.6519,4.6212,10.6113,20.6063,24.7409,2.0356,2.5312,2.9675,2490.0929,2489.8398,2498.2773,0.1878,0.4824,0.5663
abandoned-demo,71,r.TemporalAACurrentFrameWeight,0.8,300,Profile(20260401_195718).csv,33.3343,33.7717,34.1844,1.4879,1.8259,2.3932,2.9674,3.606,7.064,10.5777,20.9365,23.5682,2.0647,2.6266,3.846,2490.3711,2490.0898,2498.5273,0.1804,0.4527,0.5264
abandoned-demo,71,r.TemporalAACurrentFrameWeight,0.9,300,Profile(20260401_195743).csv,33.3344,33.8392,34.1164,1.5497,1.914,2.2721,2.9854,3.6086,5.3608,10.5049,17.6744,21.5687,2.0384,2.5117,3.0473,2489.1996,2488.9648,2497.4023,0.1844,0.377,0.7311
abandoned-demo,71,r.TemporalAACurrentFrameWeight,1.0,300,Profile(20260401_195807).csv,33.3328,33.704,34.7955,1.4789,1.7944,2.583,2.9419,3.5121,7.3575,10.8307,20.8948,24.3877,1.9229,2.3928,2.9532,2488.1971,2488.0898,2496.5273,0.1983,0.4227,0.6922
abandoned-demo,71,r.TemporalAASamples,4,300,Profile(20260401_195831).csv,33.3338,33.8147,35.586,1.6374,2.4069,3.0787,3.1701,4.6308,6.3981,10.5847,20.7872,24.6724,2.0627,2.8859,3.6709,2490.3711,2490.0898,2498.5273,0.1867,0.4232,0.6298
abandoned-demo,71,r.TemporalAASamples,8,300,Profile(20260401_195855).csv,33.3373,33.7699,36.1612,1.5629,2.0032,2.9256,3.0407,3.8208,6.7638,10.8326,21.2431,23.948,2.041,2.6647,3.9794,2487.5929,2487.3398,2495.7773,0.1928,0.3994,0.7465
abandoned-demo,71,r.TemporalAASamples,16,300,Profile(20260401_195920).csv,33.3335,33.7707,34.176,1.5026,1.8848,2.3395,2.9791,3.6547,5.658,6.6427,10.6622,20.8397,2.1118,2.6494,3.0756,2487.3429,2487.0898,2495.5273,0.0917,0.1731,0.5857
abandoned-demo,71,r.TemporalAASamples,32,300,Profile(20260401_195944).csv,33.3346,33.6875,34.1759,1.4693,1.7278,2.2898,2.8956,3.3605,5.1835,10.3581,10.6031,23.8558,1.9506,2.3057,4.0861,2490.3429,2490.0898,2498.5273,0.176,0.209,0.6236
abandoned-demo,71,r.TemporalAASamples,64,300,Profile(20260401_200008).csv,33.3323,33.7275,35.5723,1.5113,1.9076,3.0225,2.9389,3.4942,6.7122,10.4824,18.0409,22.9103,1.9866,2.4182,3.4177,2487.4723,2487.2148,2495.6523,0.1817,0.4642,0.5417
abandoned-demo,71,r.TemporalAAFilterSize,0.1,300,Profile(20260401_200033).csv,33.3329,33.7949,35.2066,1.5872,2.1452,2.5654,3.0757,4.1658,5.825,10.8323,20.9588,25.2775,2.0147,2.4505,3.1688,2490.6211,2490.3398,2498.7773,0.1858,0.3809,0.7219
abandoned-demo,71,r.TemporalAAFilterSize,0.25,300,Profile(20260401_200057).csv,33.3339,33.8007,34.2761,1.6085,2.1189,2.6311,3.1501,4.2763,5.8288,10.3585,10.5782,23.9536,2.0667,2.7225,3.5744,2491.3252,2491.2148,2499.6523,0.1754,0.1844,0.4834
abandoned-demo,71,r.TemporalAAFilterSize,0.5,300,Profile(20260401_200121).csv,33.3322,33.7859,34.2367,1.5218,1.8551,2.5397,2.952,3.6346,4.7538,10.5825,19.7448,24.7439,1.9867,2.4683,3.2627,2490.6,2490.4648,2498.9023,0.1813,0.3698,0.7189
abandoned-demo,71,r.TemporalAAFilterSize,0.7,300,Profile(20260401_200145).csv,33.332,33.7497,34.086,1.5183,1.8976,2.2576,2.9894,3.6163,5.8839,10.7909,21.2153,24.3816,1.9863,2.5069,3.2561,2487.3429,2487.0898,2495.5273,0.1885,0.4711,0.5827
abandoned-demo,71,r.TemporalAAFilterSize,0.9,300,Profile(20260401_200210).csv,33.3336,33.6981,35.0644,1.4547,1.7214,2.5349,2.8689,3.4122,4.6746,10.8855,21.2343,24.4672,1.9412,2.2785,2.8789,2489.3429,2489.0898,2497.5273,0.1885,0.4864,0.7178
abandoned-demo,71,r.TemporalAAFilterSize,0.95,300,Profile(20260401_200234).csv,33.3336,33.7842,36.3408,1.556,2.0937,3.2206,3.0705,4.145,6.0504,10.6062,20.829,24.803,2.0088,2.608,3.2843,2490.6211,2490.3398,2498.7773,0.1865,0.4946,0.5611
abandoned-demo,71,r.TemporalAAFilterSize,1.0,300,Profile(20260401_200258).csv,33.3348,33.8846,35.1686,1.5628,2.262,2.973,3.0944,4.4709,6.6907,8.492,10.4157,23.9451,2.0882,2.7615,3.3385,2488.3711,2488.0898,2496.5273,0.1373,0.1829,0.6338
abandoned-demo,71,r.TemporalAA.HistoryScreenPercentage,100,300,Profile(20260401_200322).csv,33.3334,33.6885,34.3646,1.4738,1.7582,2.4244,2.8836,3.4344,4.9552,10.0933,19.946,23.5877,1.957,2.2887,3.6256,2488.1211,2487.8398,2496.2773,0.1792,0.4439,0.7855
abandoned-demo,71,r.TemporalAA.HistoryScreenPercentage,125,300,Profile(20260401_200347).csv,33.3336,33.7156,34.1923,1.4743,1.7793,2.2782,2.9112,3.4442,4.697,10.2955,11.9746,21.5234,1.9183,2.2767,2.8804,2488.1211,2487.8398,2496.2773,0.1782,0.1835,0.7557
abandoned-demo,71,r.TemporalAA.HistoryScreenPercentage,150,300,Profile(20260401_200411).csv,33.3329,33.7824,34.7505,1.4771,1.7441,2.3369,2.9286,3.5925,5.0244,10.5275,20.7699,22.152,1.9057,2.2698,3.2246,2488.0929,2487.8398,2496.2773,0.1826,0.4558,0.5335
abandoned-demo,71,r.TemporalAA.HistoryScreenPercentage,200,300,Profile(20260401_200435).csv,33.3307,33.7913,36.3109,1.6143,2.351,2.9429,3.1298,4.4671,6.361,10.5285,19.0674,24.3439,2.0408,2.8007,3.7818,2488.1211,2487.8398,2496.2773,0.1828,0.3976,0.5489
abandoned-demo,50,r.TemporalAACurrentFrameWeight,0.01,300,Profile(20260401_200459).csv,33.3352,33.7959,34.1332,1.4974,1.918,2.5227,3.0006,3.7109,5.7647,9.0456,16.8212,20.5069,2.1014,2.6347,3.4452,2438.6796,2438.3984,2446.8359,0.1483,0.3297,0.5315
abandoned-demo,50,r.TemporalAACurrentFrameWeight,0.02,300,Profile(20260401_200524).csv,33.3335,33.808,34.1578,1.48,1.7555,2.4117,2.9096,3.5077,4.4142,8.8608,16.6516,19.9686,1.9766,2.324,5.0067,2437.6515,2437.3984,2445.8359,0.1436,0.2754,0.5754
abandoned-demo,50,r.TemporalAACurrentFrameWeight,0.04,300,Profile(20260401_200548).csv,33.3331,33.7636,34.534,1.5,1.8541,2.2732,2.9223,3.4813,5.4901,8.9214,16.6864,17.9014,1.9769,2.4689,3.0891,2440.6796,2440.3984,2448.8359,0.1539,0.3374,0.6892
abandoned-demo,50,r.TemporalAACurrentFrameWeight,0.06,300,Profile(20260401_200612).csv,33.3337,33.8089,36.2696,1.4943,1.9177,3.0494,2.9415,3.603,4.8726,8.6256,16.8835,18.6622,2.0099,2.496,2.8795,2439.6796,2439.3984,2447.8359,0.143,0.3452,0.4004
abandoned-demo,50,r.TemporalAACurrentFrameWeight,0.1,300,Profile(20260401_200636).csv,33.3338,33.7559,34.745,1.5121,1.8356,2.2767,2.9557,3.5385,9.49,8.9722,16.8601,18.4647,1.9728,2.4096,3.7581,2437.6515,2437.3984,2445.8359,0.1509,0.3176,0.3943
abandoned-demo,50,r.TemporalAACurrentFrameWeight,0.2,300,Profile(20260401_200701).csv,33.333,33.8962,35.8521,1.5992,2.1662,3.2004,3.0858,4.16,5.8474,9.0294,16.8065,18.1305,2.0678,2.656,3.0385,2438.6796,2438.3984,2446.8359,0.15,0.2918,0.5786
abandoned-demo,50,r.TemporalAACurrentFrameWeight,0.5,300,Profile(20260401_200725).csv,33.3329,33.7187,34.2493,1.4953,1.8013,2.483,2.9583,3.5657,5.4578,8.9106,16.8886,19.2053,2.0543,2.5918,2.9691,2439.7559,2439.5234,2447.9609,0.1527,0.3442,0.6205
abandoned-demo,50,r.TemporalAACurrentFrameWeight,0.6,300,Profile(20260401_200749).csv,33.3347,33.7356,34.2279,1.4931,1.829,2.2574,2.9326,3.464,5.0035,8.9445,16.7058,18.9173,2.1079,2.6169,3.9269,2438.5057,2438.3984,2446.8359,0.1462,0.2878,0.3461
abandoned-demo,50,r.TemporalAACurrentFrameWeight,0.7,300,Profile(20260401_200814).csv,33.335,33.7778,34.5002,1.4886,1.8552,2.628,2.9195,3.5533,5.3249,7.7487,16.7996,19.8557,2.0066,2.4563,2.9775,2438.9015,2438.6484,2447.0859,0.1342,0.3369,0.3758
abandoned-demo,50,r.TemporalAACurrentFrameWeight,0.8,300,Profile(20260401_200838).csv,33.3336,33.7234,35.8894,1.5181,1.9195,3.0053,2.9613,3.5936,4.7133,8.8969,16.6548,18.6248,2.0131,2.4059,2.9747,2438.4296,2438.1484,2446.5859,0.1463,0.2797,0.6339
abandoned-demo,50,r.TemporalAACurrentFrameWeight,0.9,300,Profile(20260401_200902).csv,33.3337,33.7812,34.4989,1.5599,2.1113,2.7723,3.0796,4.2571,6.7227,9.0819,16.8939,18.2078,2.0756,2.6674,4.1162,2438.6796,2438.3984,2446.8359,0.148,0.3205,0.4004
abandoned-demo,50,r.TemporalAACurrentFrameWeight,1.0,300,Profile(20260401_200926).csv,33.3332,33.7644,34.4018,1.5632,2.1926,2.4701,3.0825,4.5052,5.7221,8.8742,16.6501,20.1339,2.059,2.6428,3.6062,2439.7684,2439.7734,2448.2109,0.1489,0.337,0.4608
abandoned-demo,50,r.TemporalAASamples,4,300,Profile(20260401_200951).csv,33.332,33.7947,34.3586,1.5353,1.9043,2.3079,3.0224,3.7176,5.0607,8.8839,16.58,19.1951,1.956,2.3572,3.8433,2438.1515,2437.8984,2446.3359,0.1497,0.2827,0.5591
abandoned-demo,50,r.TemporalAASamples,8,300,Profile(20260401_201015).csv,33.3335,33.7937,35.9487,1.5263,1.8868,2.6873,2.9925,3.6332,5.0072,6.701,16.267,18.6851,2.0561,2.6313,3.4855,2437.6515,2437.3984,2445.8359,0.1041,0.2705,0.6328
abandoned-demo,50,r.TemporalAASamples,16,300,Profile(20260401_201039).csv,33.3334,33.7077,34.0399,1.4744,1.7943,1.9894,2.8885,3.5128,4.3542,8.9954,16.7999,18.486,1.9467,2.3808,2.9102,2439.9296,2439.6484,2448.0859,0.1511,0.3248,1.6404
abandoned-demo,50,r.TemporalAASamples,32,300,Profile(20260401_201103).csv,33.3336,33.8183,34.5383,1.5519,1.9936,2.7335,2.9543,3.712,5.3949,8.8849,16.8282,18.3144,2.0284,2.677,3.8218,2439.7822,2439.5234,2447.9609,0.1504,0.3523,0.7035
abandoned-demo,50,r.TemporalAASamples,64,300,Profile(20260401_201128).csv,33.3338,33.7706,34.0247,1.5284,2.0479,2.6645,3.0076,3.9582,6.0831,8.8295,16.5867,20.8406,1.999,2.6143,3.357,2439.6515,2439.3984,2447.8359,0.1509,0.2859,0.8069
abandoned-demo,50,r.TemporalAAFilterSize,0.1,300,Profile(20260401_201152).csv,33.3357,33.7926,34.5015,1.5209,1.886,2.321,2.951,3.6171,4.7934,9.0177,16.7688,17.6075,2.0182,2.4791,3.7179,2440.6796,2440.3984,2448.8359,0.1466,0.3095,0.3502
abandoned-demo,50,r.TemporalAAFilterSize,0.25,300,Profile(20260401_201216).csv,33.3336,33.7437,34.1828,1.5094,1.7903,2.0371,2.9728,3.5692,5.011,8.8806,16.7453,19.299,2.0171,2.4982,2.914,2438.4296,2438.1484,2446.5859,0.1491,0.3179,0.5939
abandoned-demo,50,r.TemporalAAFilterSize,0.5,300,Profile(20260401_201240).csv,33.333,33.8551,35.9223,1.5824,1.9824,2.8264,3.0127,3.66,4.7021,8.983,16.5786,17.071,1.9846,2.4768,3.3656,2438.6796,2438.3984,2446.8359,0.1486,0.2841,0.6594
abandoned-demo,50,r.TemporalAAFilterSize,0.7,300,Profile(20260401_201305).csv,33.3336,33.8698,35.8008,1.5861,2.2557,2.8529,3.1574,4.4721,6.9017,8.9287,16.6304,19.6795,2.1254,2.8233,3.7383,2440.4296,2440.1484,2448.5859,0.1464,0.342,0.4782
abandoned-demo,50,r.TemporalAAFilterSize,0.9,300,Profile(20260401_201329).csv,33.3325,33.8212,34.279,1.5897,2.1244,2.5165,3.0864,4.192,5.7406,8.8358,16.669,18.3224,2.028,2.6629,3.6237,2438.7815,2438.6484,2447.0859,0.1556,0.3727,0.7885
abandoned-demo,50,r.TemporalAAFilterSize,0.95,300,Profile(20260401_201353).csv,33.3335,33.798,34.3508,1.5133,1.8662,2.4586,3.0043,3.5805,4.5813,6.2028,11.074,17.3023,2.0417,2.4913,3.3215,2440.444,2440.3984,2448.8359,0.0861,0.2389,0.4137
abandoned-demo,50,r.TemporalAAFilterSize,1.0,300,Profile(20260401_201418).csv,33.3356,33.7431,34.0971,1.5241,1.9085,2.3993,2.9876,3.6441,4.6027,8.8307,16.5856,19.3127,2.0314,2.6378,3.3724,2439.6515,2439.3984,2447.8359,0.1423,0.2734,0.3522
abandoned-demo,50,r.TemporalAA.HistoryScreenPercentage,100,300,Profile(20260401_201442).csv,33.333,33.7595,35.1735,1.5137,1.843,2.5542,2.975,3.6914,6.6674,8.9335,16.609,18.165,2.0085,2.5093,2.8798,2438.4861,2438.2734,2446.7109,0.1479,0.3482,0.4045
abandoned-demo,50,r.TemporalAA.HistoryScreenPercentage,125,300,Profile(20260401_201506).csv,33.3336,33.7327,34.5895,1.4836,1.7898,2.4822,2.9245,3.5767,4.796,8.7491,16.4333,20.0288,2.0033,2.5546,3.2526,2438.7482,2438.5234,2446.9609,0.1416,0.2766,0.6195
abandoned-demo,50,r.TemporalAA.HistoryScreenPercentage,150,300,Profile(20260401_201530).csv,33.3354,33.8076,34.4514,1.5657,2.1926,2.7398,3.0897,4.4123,6.295,8.9001,16.7045,18.2957,2.15,2.8484,4.1769,2441.6515,2441.3984,2449.8359,0.1483,0.3502,0.8653
abandoned-demo,50,r.TemporalAA.HistoryScreenPercentage,200,300,Profile(20260401_201555).csv,33.3344,33.7807,34.0227,1.479,1.7879,2.3391,2.927,3.5594,4.3732,8.9523,16.565,17.7137,1.8865,2.241,2.8057,2437.7865,2437.6484,2446.0859,0.1453,0.2683,0.6298
