scene,screen_pct,cvar_name,cvar_value,avg_frame_ms,avg_gpu_ms,avg_game_ms,avg_render_ms,avg_rhi_ms,avg_mem_mb,peak_mem_mb,frames_analysed,csv_file
cubetest,100,r.TemporalAACurrentFrameWeight,0.01,33.2381,7.5677,2.8731,4.3896,2.7634,2616.9646,2874.0312,300,Profile(20260327_185928).csv
cubetest,100,r.TemporalAACurrentFrameWeight,0.02,33.2375,11.3297,2.9946,4.8029,2.8687,2627.158,2875.0625,300,Profile(20260327_185947).csv
cubetest,100,r.TemporalAACurrentFrameWeight,0.04,33.238,11.0416,3.0386,4.975,3.0182,2618.1606,2875.0625,300,Profile(20260327_190006).csv
cubetest,100,r.TemporalAACurrentFrameWeight,0.06,33.2393,11.1043,2.9551,4.5225,2.8455,2619.196,2876.0625,300,Profile(20260327_190025).csv
cubetest,100,r.TemporalAACurrentFrameWeight,0.1,33.2388,10.9302,2.9276,4.4863,2.8478,2617.6239,2874.0625,300,Profile(20260327_190044).csv
cubetest,100,r.TemporalAACurrentFrameWeight,0.2,33.2392,10.8368,3.1952,5.1474,2.9975,2621.3608,2879.0625,300,Profile(20260327_190103).csv
cubetest,100,r.TemporalAACurrentFrameWeight,0.5,33.2424,10.8737,3.0399,4.8388,2.8873,2617.1004,2874.0625,300,Profile(20260327_190122).csv
cubetest,100,r.TemporalAACurrentFrameWeight,0.6,33.2411,10.7881,3.1675,5.0989,2.9685,2617.0581,2874.3125,300,Profile(20260327_190140).csv
cubetest,100,r.TemporalAACurrentFrameWeight,0.7,33.2387,10.5523,2.8748,4.3897,2.7418,2621.4858,2879.3125,300,Profile(20260327_190159).csv
cubetest,100,r.TemporalAACurrentFrameWeight,0.8,33.2419,10.8367,3.0241,4.6844,2.9023,2617.8906,2875.0312,300,Profile(20260327_190218).csv
cubetest,100,r.TemporalAACurrentFrameWeight,0.9,33.2392,11.7619,3.2201,4.8389,2.8827,2617.4627,2874.0625,300,Profile(20260327_190237).csv
cubetest,100,r.TemporalAACurrentFrameWeight,1.0,33.241,9.9409,3.103,5.0103,2.8952,2618.6119,2875.3125,300,Profile(20260327_190256).csv
cubetest,100,r.TemporalAASamples,4,33.2407,11.1576,2.8897,4.267,2.6961,2621.4525,2879.0625,300,Profile(20260327_190315).csv
cubetest,100,r.TemporalAASamples,8,33.2375,10.9308,3.0468,4.9703,2.8975,2615.9429,2873.3125,300,Profile(20260327_190334).csv
cubetest,100,r.TemporalAASamples,16,33.2369,11.3187,2.9171,4.6094,2.7651,2621.2329,2879.0625,300,Profile(20260327_190353).csv
cubetest,100,r.TemporalAASamples,32,33.24,11.0308,2.9284,4.5824,2.8198,2617.8877,2874.8125,300,Profile(20260327_190412).csv
cubetest,100,r.TemporalAASamples,64,33.2397,7.1723,2.9351,4.5741,2.8292,2616.3377,2873.8125,300,Profile(20260327_190431).csv
cubetest,100,r.TemporalAAFilterSize,0.1,33.2393,6.739,3.0953,4.6639,2.859,2618.0712,2875.0625,300,Profile(20260327_190450).csv
cubetest,100,r.TemporalAAFilterSize,0.25,33.2397,10.9196,2.9564,4.7289,2.8454,2618.1185,2875.3125,300,Profile(20260327_190509).csv
cubetest,100,r.TemporalAAFilterSize,0.5,33.2385,11.3498,2.7891,4.0966,2.7562,2616.2589,2873.3125,300,Profile(20260327_190528).csv
cubetest,100,r.TemporalAAFilterSize,0.7,33.2389,11.0619,2.7435,4.0912,2.6451,2619.03,2876.0625,300,Profile(20260327_190547).csv
cubetest,100,r.TemporalAAFilterSize,0.9,33.2376,11.1134,2.6893,3.9631,2.5388,2617.0137,2874.0625,300,Profile(20260327_190606).csv
cubetest,100,r.TemporalAAFilterSize,0.95,33.2373,11.2622,2.8145,4.1625,2.6865,2631.5953,2879.8125,300,Profile(20260327_190625).csv
cubetest,100,r.TemporalAAFilterSize,1.0,33.2367,11.1365,2.7496,4.0412,2.6097,2616.8039,2873.8125,300,Profile(20260327_190644).csv
cubetest,100,r.TemporalAA.HistoryScreenPercentage,100,33.2373,10.7746,2.6298,3.9159,2.658,2616.7798,2873.5625,300,Profile(20260327_190703).csv
cubetest,100,r.TemporalAA.HistoryScreenPercentage,125,33.2377,10.6715,2.6998,3.9872,2.5812,2616.8921,2874.3125,300,Profile(20260327_190721).csv
cubetest,100,r.TemporalAA.HistoryScreenPercentage,150,33.2396,10.8731,2.7726,4.0732,2.6023,2616.9662,2874.0625,300,Profile(20260327_190740).csv
cubetest,100,r.TemporalAA.HistoryScreenPercentage,200,33.2371,10.6984,2.7409,3.9859,2.6585,2618.0937,2875.3125,300,Profile(20260327_190759).csv
cubetest,87,r.TemporalAACurrentFrameWeight,0.01,33.2396,10.7965,2.8333,4.0644,2.5945,2553.2581,2812.125,300,Profile(20260327_190818).csv
cubetest,87,r.TemporalAACurrentFrameWeight,0.02,33.2406,10.479,3.1276,4.0486,2.6409,2561.4619,2821.125,300,Profile(20260327_190837).csv
cubetest,87,r.TemporalAACurrentFrameWeight,0.04,33.2393,7.19,2.6598,3.8478,2.6289,2560.668,2811.0938,300,Profile(20260327_190856).csv
cubetest,87,r.TemporalAACurrentFrameWeight,0.06,33.2379,11.1897,2.6142,3.955,2.5287,2554.3381,2813.125,300,Profile(20260327_190915).csv
cubetest,87,r.TemporalAACurrentFrameWeight,0.1,33.2373,9.0421,2.5496,3.809,2.5326,2562.7463,2812.5938,300,Profile(20260327_190934).csv
cubetest,87,r.TemporalAACurrentFrameWeight,0.2,33.2373,10.1573,2.7249,4.1183,2.6578,2563.2551,2813.0938,300,Profile(20260327_190953).csv
cubetest,87,r.TemporalAACurrentFrameWeight,0.5,33.237,6.9542,2.8165,4.1158,2.6781,2563.5672,2814.0938,300,Profile(20260327_191012).csv
cubetest,87,r.TemporalAACurrentFrameWeight,0.6,33.238,11.562,2.6795,3.9921,2.6209,2568.7563,2819.0938,300,Profile(20260327_191031).csv
cubetest,87,r.TemporalAACurrentFrameWeight,0.7,33.2394,10.7297,2.7777,4.2054,2.6225,2563.1388,2813.0938,300,Profile(20260327_191050).csv
cubetest,87,r.TemporalAACurrentFrameWeight,0.8,33.2379,11.2068,2.7437,4.0992,2.6281,2562.343,2811.8438,300,Profile(20260327_191109).csv
cubetest,87,r.TemporalAACurrentFrameWeight,0.9,33.2383,11.2561,2.6697,4.0008,2.6271,2554.1056,2813.375,300,Profile(20260327_191128).csv
cubetest,87,r.TemporalAACurrentFrameWeight,1.0,33.237,10.8813,2.6803,3.9763,2.6093,2560.3527,2820.125,300,Profile(20260327_191147).csv
cubetest,87,r.TemporalAASamples,4,33.2375,10.8195,2.7187,4.0688,2.6473,2553.2569,2812.375,300,Profile(20260327_191206).csv
cubetest,87,r.TemporalAASamples,8,33.2388,10.4993,2.6719,3.9522,2.5753,2552.9431,2811.8438,300,Profile(20260327_191224).csv
cubetest,87,r.TemporalAASamples,16,33.2378,10.7558,2.7237,4.1061,2.6496,2567.443,2818.0938,300,Profile(20260327_191243).csv
cubetest,87,r.TemporalAASamples,32,33.2372,10.6046,2.6963,3.9978,2.6333,2568.8124,2819.3438,300,Profile(20260327_191302).csv
cubetest,87,r.TemporalAASamples,64,33.237,11.3864,2.8155,4.2101,2.716,2562.232,2812.3438,300,Profile(20260327_191321).csv
cubetest,87,r.TemporalAAFilterSize,0.1,33.2384,9.4177,2.7394,4.0676,2.6405,2562.2301,2812.0938,300,Profile(20260327_191340).csv
cubetest,87,r.TemporalAAFilterSize,0.25,33.238,10.9598,2.7143,4.0107,2.6867,2553.4725,2812.125,300,Profile(20260327_191359).csv
cubetest,87,r.TemporalAAFilterSize,0.5,33.2383,11.079,2.767,4.0508,2.6844,2563.4811,2813.125,300,Profile(20260327_191418).csv
cubetest,87,r.TemporalAAFilterSize,0.7,33.2391,8.9768,2.7277,4.1084,2.7183,2554.5017,2813.375,300,Profile(20260327_191437).csv
cubetest,87,r.TemporalAAFilterSize,0.9,33.2392,9.9879,2.7455,4.0783,2.7003,2548.4111,2812.0938,300,Profile(20260327_191456).csv
cubetest,87,r.TemporalAAFilterSize,0.95,33.2386,11.1784,2.7066,4.1321,2.6883,2552.2225,2812.375,300,Profile(20260327_191515).csv
cubetest,87,r.TemporalAAFilterSize,1.0,33.2409,8.583,2.6864,4.0574,2.6625,2553.3473,2811.875,300,Profile(20260327_191534).csv
cubetest,87,r.TemporalAA.HistoryScreenPercentage,100,33.24,11.2268,2.7371,4.0946,2.7157,2561.3281,2821.375,300,Profile(20260327_191553).csv
cubetest,87,r.TemporalAA.HistoryScreenPercentage,125,33.2397,8.6622,2.7796,4.136,2.715,2562.5305,2813.0938,300,Profile(20260327_191611).csv
cubetest,87,r.TemporalAA.HistoryScreenPercentage,150,33.2377,8.213,2.7268,4.1009,2.7056,2554.2685,2812.8438,300,Profile(20260327_191630).csv
cubetest,87,r.TemporalAA.HistoryScreenPercentage,200,33.2384,11.3357,2.7653,4.1708,2.761,2555.3325,2814.375,300,Profile(20260327_191649).csv
cubetest,71,r.TemporalAACurrentFrameWeight,0.01,33.2401,10.2908,2.7106,4.0223,2.6423,2479.4845,2728.8125,300,Profile(20260327_191708).csv
cubetest,71,r.TemporalAACurrentFrameWeight,0.02,33.2396,9.8081,2.7402,4.0695,2.6173,2482.5199,2733.0625,300,Profile(20260327_191727).csv
cubetest,71,r.TemporalAACurrentFrameWeight,0.04,33.237,9.7101,2.7405,4.0694,2.6499,2481.5435,2732.3125,300,Profile(20260327_191746).csv
cubetest,71,r.TemporalAACurrentFrameWeight,0.06,33.2381,9.858,2.7124,4.0286,2.6019,2481.1567,2731.3125,300,Profile(20260327_191805).csv
cubetest,71,r.TemporalAACurrentFrameWeight,0.1,33.2403,9.6311,2.7012,4.0296,2.622,2481.0072,2730.0625,300,Profile(20260327_191824).csv
cubetest,71,r.TemporalAACurrentFrameWeight,0.2,33.2366,9.6843,2.6746,4.0122,2.5677,2488.3282,2738.5625,300,Profile(20260327_191843).csv
cubetest,71,r.TemporalAACurrentFrameWeight,0.5,33.2375,6.2898,2.7693,3.9988,2.6191,2480.2589,2730.0625,300,Profile(20260327_191902).csv
cubetest,71,r.TemporalAACurrentFrameWeight,0.6,33.2402,9.6534,2.7897,4.2196,2.6813,2470.5318,2735.0625,300,Profile(20260327_191921).csv
cubetest,71,r.TemporalAACurrentFrameWeight,0.7,33.2374,6.1063,2.7043,4.007,2.6844,2471.6008,2736.0625,300,Profile(20260327_191940).csv
cubetest,71,r.TemporalAACurrentFrameWeight,0.8,33.2375,9.7475,2.6943,3.9743,2.6005,2481.1931,2731.3125,300,Profile(20260327_191959).csv
cubetest,71,r.TemporalAACurrentFrameWeight,0.9,33.2377,9.6442,2.6603,3.9891,2.6299,2480.057,2730.3125,300,Profile(20260327_192018).csv
cubetest,71,r.TemporalAACurrentFrameWeight,1.0,33.2383,9.65,2.7449,4.1175,2.7043,2481.0581,2731.8125,300,Profile(20260327_192037).csv
cubetest,71,r.TemporalAASamples,4,33.2376,8.9603,2.7475,4.1446,2.73,2465.1174,2728.3125,300,Profile(20260327_192056).csv
cubetest,71,r.TemporalAASamples,8,33.2373,6.8326,2.7846,4.1821,2.7372,2479.452,2730.3125,300,Profile(20260327_192114).csv
cubetest,71,r.TemporalAASamples,16,33.2387,10.2399,2.6768,4.0109,2.6634,2480.0847,2729.5625,300,Profile(20260327_192133).csv
cubetest,71,r.TemporalAASamples,32,33.2387,9.8268,2.7524,4.0772,2.7056,2486.586,2737.0625,300,Profile(20260327_192152).csv
cubetest,71,r.TemporalAASamples,64,33.2377,9.6625,2.6632,3.9836,2.654,2480.381,2730.0625,300,Profile(20260327_192211).csv
cubetest,71,r.TemporalAAFilterSize,0.1,33.2366,9.8264,3.0246,4.0905,2.7132,2481.597,2732.0625,300,Profile(20260327_192230).csv
cubetest,71,r.TemporalAAFilterSize,0.25,33.2373,9.5813,2.6612,3.9793,2.6307,2478.1341,2728.5625,300,Profile(20260327_192249).csv
cubetest,71,r.TemporalAAFilterSize,0.5,33.2369,9.7365,2.6869,4.0588,2.6598,2480.4119,2730.3125,300,Profile(20260327_192308).csv
cubetest,71,r.TemporalAAFilterSize,0.7,33.2374,7.5194,2.7337,4.0743,2.7322,2480.1258,2729.8125,300,Profile(20260327_192327).csv
cubetest,71,r.TemporalAAFilterSize,0.9,33.2378,9.8469,2.714,4.037,2.7271,2479.1818,2729.0625,300,Profile(20260327_192346).csv
cubetest,71,r.TemporalAAFilterSize,0.95,33.2396,9.3807,2.7312,4.0004,2.7212,2478.6933,2729.0625,300,Profile(20260327_192405).csv
cubetest,71,r.TemporalAAFilterSize,1.0,33.2384,10.3494,2.6744,4.0052,2.7316,2480.4149,2730.0625,300,Profile(20260327_192423).csv
cubetest,71,r.TemporalAA.HistoryScreenPercentage,100,33.2389,10.7049,2.7088,3.9994,2.7685,2481.3445,2732.0625,300,Profile(20260327_192442).csv
cubetest,71,r.TemporalAA.HistoryScreenPercentage,125,33.2392,6.711,2.7176,4.0266,2.62,2478.8293,2728.8125,300,Profile(20260327_192501).csv
cubetest,71,r.TemporalAA.HistoryScreenPercentage,150,33.2383,9.6922,2.7935,4.1487,2.5871,2479.2912,2730.0625,300,Profile(20260327_192520).csv
cubetest,71,r.TemporalAA.HistoryScreenPercentage,200,33.239,9.5645,2.7187,4.0868,2.5798,2479.827,2730.0625,300,Profile(20260327_192539).csv
cubetest,50,r.TemporalAACurrentFrameWeight,0.01,33.2382,8.8192,2.6738,3.9523,2.7067,2414.0233,2672.6211,300,Profile(20260327_192558).csv
cubetest,50,r.TemporalAACurrentFrameWeight,0.02,33.2402,8.8075,2.7982,4.1811,2.6814,2419.9198,2670.3711,300,Profile(20260327_192617).csv
cubetest,50,r.TemporalAACurrentFrameWeight,0.04,33.2376,8.6205,2.7132,4.0416,2.6046,2422.4962,2672.6211,300,Profile(20260327_192636).csv
cubetest,50,r.TemporalAACurrentFrameWeight,0.06,33.2371,8.5275,2.7396,4.0669,2.664,2421.4962,2671.6211,300,Profile(20260327_192655).csv
cubetest,50,r.TemporalAACurrentFrameWeight,0.1,33.2372,8.534,2.7547,4.1944,2.718,2407.6708,2670.6211,300,Profile(20260327_192713).csv
cubetest,50,r.TemporalAACurrentFrameWeight,0.2,33.2377,8.1686,2.7319,4.1015,2.6844,2423.0756,2672.8711,300,Profile(20260327_192732).csv
cubetest,50,r.TemporalAACurrentFrameWeight,0.5,33.239,8.5319,2.7455,4.1628,2.6823,2421.9994,2671.6211,300,Profile(20260327_192751).csv
cubetest,50,r.TemporalAACurrentFrameWeight,0.6,33.2381,8.7894,2.7071,4.0106,2.6773,2420.9158,2670.3711,300,Profile(20260327_192810).csv
cubetest,50,r.TemporalAACurrentFrameWeight,0.7,33.2392,8.9683,2.7117,3.9323,2.6763,2421.3036,2670.6211,300,Profile(20260327_192829).csv
cubetest,50,r.TemporalAACurrentFrameWeight,0.8,33.2401,8.6678,2.7006,3.9416,2.6788,2422.0458,2671.8711,300,Profile(20260327_192848).csv
cubetest,50,r.TemporalAACurrentFrameWeight,0.9,33.2395,8.804,2.7725,4.0015,2.6393,2420.8987,2670.6211,300,Profile(20260327_192907).csv
cubetest,50,r.TemporalAACurrentFrameWeight,1.0,33.2386,8.916,2.7323,4.126,2.7324,2421.8589,2671.6211,300,Profile(20260327_192926).csv
cubetest,50,r.TemporalAASamples,4,33.2376,8.5645,2.7444,4.153,2.7453,2425.2381,2675.8711,300,Profile(20260327_192945).csv
cubetest,50,r.TemporalAASamples,8,33.2377,8.9293,2.7314,3.994,2.6587,2422.011,2671.6211,300,Profile(20260327_193004).csv
cubetest,50,r.TemporalAASamples,16,33.2374,8.7147,2.8263,4.2641,2.8181,2421.8293,2671.6523,300,Profile(20260327_193023).csv
cubetest,50,r.TemporalAASamples,32,33.238,8.7717,2.7305,4.0479,2.652,2421.0131,2670.6211,300,Profile(20260327_193042).csv
cubetest,50,r.TemporalAASamples,64,33.237,8.4006,2.6905,3.9785,2.6594,2420.9837,2670.6211,300,Profile(20260327_193101).csv
cubetest,50,r.TemporalAAFilterSize,0.1,33.24,8.5885,2.7327,4.127,2.6999,2420.2846,2669.6211,300,Profile(20260327_193119).csv
cubetest,50,r.TemporalAAFilterSize,0.25,33.2385,8.5329,2.7174,4.0735,2.7322,2420.9721,2670.3711,300,Profile(20260327_193138).csv
cubetest,50,r.TemporalAAFilterSize,0.5,33.2385,7.0093,2.669,3.9855,2.7473,2423.1031,2673.6211,300,Profile(20260327_193157).csv
cubetest,50,r.TemporalAAFilterSize,0.7,33.2373,8.8524,2.6944,4.0481,2.7714,2422.1387,2671.8711,300,Profile(20260327_193216).csv
cubetest,50,r.TemporalAAFilterSize,0.9,33.2379,8.6512,2.7367,3.9538,2.753,2422.0646,2671.8711,300,Profile(20260327_193235).csv
cubetest,50,r.TemporalAAFilterSize,0.95,33.2397,8.858,2.701,4.0572,2.6778,2432.0427,2682.6211,300,Profile(20260327_193254).csv
cubetest,50,r.TemporalAAFilterSize,1.0,33.237,8.8008,2.756,4.0829,2.6776,2420.1119,2670.6211,300,Profile(20260327_193313).csv
cubetest,50,r.TemporalAA.HistoryScreenPercentage,100,33.2389,8.9435,2.7651,4.0384,2.6554,2424.1871,2674.8711,300,Profile(20260327_193332).csv
cubetest,50,r.TemporalAA.HistoryScreenPercentage,125,33.2372,8.7591,2.7443,4.1257,2.6132,2423.1156,2673.6211,300,Profile(20260327_193351).csv
cubetest,50,r.TemporalAA.HistoryScreenPercentage,150,33.2369,8.6285,2.6913,3.9832,2.6541,2408.0052,2671.8711,300,Profile(20260327_193410).csv
cubetest,50,r.TemporalAA.HistoryScreenPercentage,200,33.2403,8.6428,2.7497,4.1671,2.6142,2420.7889,2670.6211,300,Profile(20260327_193429).csv
abandoned-demo,100,r.TemporalAACurrentFrameWeight,0.01,33.2383,13.4858,2.586,7.0641,2.2582,2585.1016,2806.7188,300,Profile(20260327_193943).csv
abandoned-demo,100,r.TemporalAACurrentFrameWeight,0.02,33.2377,13.6648,2.6045,6.7965,2.2164,2585.1011,2808.9688,300,Profile(20260327_194002).csv
abandoned-demo,100,r.TemporalAACurrentFrameWeight,0.04,33.238,10.6674,2.6967,6.8395,2.2641,2585.1052,2808.9688,300,Profile(20260327_194022).csv
abandoned-demo,100,r.TemporalAACurrentFrameWeight,0.06,33.237,13.6032,2.636,6.8323,2.3381,2584.1142,2807.9688,300,Profile(20260327_194041).csv
abandoned-demo,100,r.TemporalAACurrentFrameWeight,0.1,33.2403,9.0186,2.6559,6.881,2.3135,2586.349,2810.2188,300,Profile(20260327_194100).csv
abandoned-demo,100,r.TemporalAACurrentFrameWeight,0.2,33.2373,13.6267,2.7496,7.0566,2.312,2586.3436,2809.9688,300,Profile(20260327_194119).csv
abandoned-demo,100,r.TemporalAACurrentFrameWeight,0.5,33.2366,13.6901,2.6187,6.7826,2.16,2583.8711,2807.9688,300,Profile(20260327_194138).csv
abandoned-demo,100,r.TemporalAACurrentFrameWeight,0.6,33.2381,13.7011,2.5728,6.8374,2.1618,2586.6304,2810.2188,300,Profile(20260327_194158).csv
abandoned-demo,100,r.TemporalAACurrentFrameWeight,0.7,33.2385,13.432,2.5681,6.7032,2.1511,2585.0994,2808.7188,300,Profile(20260327_194217).csv
abandoned-demo,100,r.TemporalAACurrentFrameWeight,0.8,33.2383,13.5659,2.6475,6.8369,2.1585,2585.1269,2809.2188,300,Profile(20260327_194236).csv
abandoned-demo,100,r.TemporalAACurrentFrameWeight,0.9,33.2367,13.5133,2.6829,6.782,2.1657,2583.8711,2807.7188,300,Profile(20260327_194255).csv
abandoned-demo,100,r.TemporalAACurrentFrameWeight,1.0,33.2397,9.1426,2.7013,6.8952,2.2759,2586.0896,2809.4688,300,Profile(20260327_194314).csv
abandoned-demo,100,r.TemporalAASamples,4,33.2367,13.5117,2.6429,6.7925,2.2049,2586.1246,2809.9688,300,Profile(20260327_194334).csv
abandoned-demo,100,r.TemporalAASamples,8,33.2366,13.104,2.6122,6.8536,2.2091,2585.3502,2808.9688,300,Profile(20260327_194353).csv
abandoned-demo,100,r.TemporalAASamples,16,33.2377,11.4214,2.6743,6.7973,2.2615,2585.3729,2808.9688,300,Profile(20260327_194412).csv
abandoned-demo,100,r.TemporalAASamples,32,33.2397,13.5493,2.6245,6.7458,2.1782,2584.2654,2807.7188,300,Profile(20260327_194431).csv
abandoned-demo,100,r.TemporalAASamples,64,33.2366,13.5231,2.6016,6.7355,2.2252,2584.1123,2807.9688,300,Profile(20260327_194450).csv
abandoned-demo,100,r.TemporalAAFilterSize,0.1,33.2369,13.5387,2.6358,6.8404,2.2448,2585.3954,2808.9688,300,Profile(20260327_194510).csv
abandoned-demo,100,r.TemporalAAFilterSize,0.25,33.239,13.5892,2.5674,6.8126,2.2149,2584.4863,2807.9688,300,Profile(20260327_194529).csv
abandoned-demo,100,r.TemporalAAFilterSize,0.5,33.2378,13.5805,2.7238,6.8705,2.255,2587.2246,2810.9688,300,Profile(20260327_194548).csv
abandoned-demo,100,r.TemporalAAFilterSize,0.7,33.2366,13.4997,2.6463,6.8863,2.2236,2586.3727,2809.9688,300,Profile(20260327_194607).csv
abandoned-demo,100,r.TemporalAAFilterSize,0.9,33.2387,13.5643,2.6927,6.9764,2.2904,2586.1069,2809.9688,300,Profile(20260327_194626).csv
abandoned-demo,100,r.TemporalAAFilterSize,0.95,33.2372,13.6262,2.7461,7.1488,2.2886,2586.3527,2809.9688,300,Profile(20260327_194646).csv
abandoned-demo,100,r.TemporalAAFilterSize,1.0,33.2376,13.5766,2.6094,6.8033,2.1659,2584.0821,2807.9688,300,Profile(20260327_194705).csv
abandoned-demo,100,r.TemporalAA.HistoryScreenPercentage,100,33.2376,13.5524,2.6942,6.8608,2.2509,2586.3419,2809.9688,300,Profile(20260327_194724).csv
abandoned-demo,100,r.TemporalAA.HistoryScreenPercentage,125,33.2364,13.6084,2.6071,6.896,2.1809,2584.1252,2807.9688,300,Profile(20260327_194743).csv
abandoned-demo,100,r.TemporalAA.HistoryScreenPercentage,150,33.2386,13.3887,2.5538,6.5872,2.2477,2585.3196,2808.9688,300,Profile(20260327_194803).csv
abandoned-demo,100,r.TemporalAA.HistoryScreenPercentage,200,33.2378,8.8087,2.6607,6.8889,2.1841,2585.0883,2808.9688,300,Profile(20260327_194822).csv
abandoned-demo,87,r.TemporalAACurrentFrameWeight,0.01,33.2376,8.8096,2.6683,6.8341,2.1813,2530.2615,2751.9062,300,Profile(20260327_194841).csv
abandoned-demo,87,r.TemporalAACurrentFrameWeight,0.02,33.2377,8.4055,2.6891,6.8518,2.2643,2528.4413,2752.9062,300,Profile(20260327_194900).csv
abandoned-demo,87,r.TemporalAACurrentFrameWeight,0.04,33.2369,8.4263,2.7029,6.8812,2.283,2529.8563,2753.1562,300,Profile(20260327_194920).csv
abandoned-demo,87,r.TemporalAACurrentFrameWeight,0.06,33.2366,8.9653,2.6745,6.8638,2.2161,2532.2788,2755.9062,300,Profile(20260327_194939).csv
abandoned-demo,87,r.TemporalAACurrentFrameWeight,0.1,33.2365,9.7228,2.6544,6.6627,2.2395,2529.5088,2753.1562,300,Profile(20260327_194958).csv
abandoned-demo,87,r.TemporalAACurrentFrameWeight,0.2,33.237,8.6097,2.7625,6.8438,2.234,2529.2534,2752.9062,300,Profile(20260327_195017).csv
abandoned-demo,87,r.TemporalAACurrentFrameWeight,0.5,33.2395,12.3614,2.7444,6.7917,2.2135,2531.5132,2754.9062,300,Profile(20260327_195036).csv
abandoned-demo,87,r.TemporalAACurrentFrameWeight,0.6,33.2364,8.9845,2.6805,6.8507,2.2147,2530.5023,2754.1562,300,Profile(20260327_195056).csv
abandoned-demo,87,r.TemporalAACurrentFrameWeight,0.7,33.2381,8.6149,2.7272,6.8832,2.2695,2529.2473,2752.9062,300,Profile(20260327_195115).csv
abandoned-demo,87,r.TemporalAACurrentFrameWeight,0.8,33.2371,12.2394,2.6651,6.7609,2.2114,2530.4755,2753.6562,300,Profile(20260327_195134).csv
abandoned-demo,87,r.TemporalAACurrentFrameWeight,0.9,33.2371,9.7067,2.6876,6.7603,2.2273,2530.2405,2753.9062,300,Profile(20260327_195153).csv
abandoned-demo,87,r.TemporalAACurrentFrameWeight,1.0,33.238,9.5474,2.61,6.721,2.2024,2528.7021,2752.9062,300,Profile(20260327_195212).csv
abandoned-demo,87,r.TemporalAASamples,4,33.2373,8.8035,2.6734,6.7787,2.2454,2531.4971,2755.1562,300,Profile(20260327_195232).csv
abandoned-demo,87,r.TemporalAASamples,8,33.2368,10.2763,2.7138,6.9824,2.2811,2531.3271,2754.9062,300,Profile(20260327_195251).csv
abandoned-demo,87,r.TemporalAASamples,16,33.2369,10.0497,2.6721,6.6631,2.2327,2530.4471,2753.6562,300,Profile(20260327_195310).csv
abandoned-demo,87,r.TemporalAASamples,32,33.2365,12.4162,2.5896,6.7455,2.2538,2530.4871,2753.9062,300,Profile(20260327_195329).csv
abandoned-demo,87,r.TemporalAASamples,64,33.2383,8.3085,2.6884,6.7523,2.2549,2531.3775,2754.6562,300,Profile(20260327_195348).csv
abandoned-demo,87,r.TemporalAAFilterSize,0.1,33.2367,8.4346,2.686,6.7845,2.268,2531.0715,2754.9062,300,Profile(20260327_195408).csv
abandoned-demo,87,r.TemporalAAFilterSize,0.25,33.2385,8.8142,2.635,6.8198,2.2652,2529.2427,2752.9062,300,Profile(20260327_195427).csv
abandoned-demo,87,r.TemporalAAFilterSize,0.5,33.2387,10.7317,2.7501,6.9362,2.2231,2531.2532,2754.6562,300,Profile(20260327_195446).csv
abandoned-demo,87,r.TemporalAAFilterSize,0.7,33.2364,8.5868,2.6549,6.7496,2.1946,2530.6232,2753.9062,300,Profile(20260327_195505).csv
abandoned-demo,87,r.TemporalAAFilterSize,0.9,33.2381,8.9601,2.6063,6.6879,2.1999,2530.2373,2753.6562,300,Profile(20260327_195524).csv
abandoned-demo,87,r.TemporalAAFilterSize,0.95,33.2366,9.1298,2.595,6.6466,2.173,2529.3142,2753.1562,300,Profile(20260327_195544).csv
abandoned-demo,87,r.TemporalAAFilterSize,1.0,33.2369,8.6367,2.6612,6.7778,2.2883,2529.4959,2752.9062,300,Profile(20260327_195603).csv
abandoned-demo,87,r.TemporalAA.HistoryScreenPercentage,100,33.2368,11.445,2.6122,6.7377,2.2299,2528.9667,2752.9062,300,Profile(20260327_195622).csv
abandoned-demo,87,r.TemporalAA.HistoryScreenPercentage,125,33.2375,8.6622,2.639,6.7353,2.2582,2529.2605,2752.6562,300,Profile(20260327_195641).csv
abandoned-demo,87,r.TemporalAA.HistoryScreenPercentage,150,33.2369,8.5828,2.612,6.7964,2.2288,2531.3196,2754.9062,300,Profile(20260327_195701).csv
abandoned-demo,87,r.TemporalAA.HistoryScreenPercentage,200,33.2404,9.5225,2.7594,6.9907,2.2728,2528.5744,2752.9062,300,Profile(20260327_195720).csv
abandoned-demo,71,r.TemporalAACurrentFrameWeight,0.01,33.238,10.171,2.5665,6.6881,2.1661,2456.7201,2677.5625,300,Profile(20260327_195739).csv
abandoned-demo,71,r.TemporalAACurrentFrameWeight,0.02,33.2377,10.4096,2.7631,6.792,2.1667,2457.3584,2680.8125,300,Profile(20260327_195758).csv
abandoned-demo,71,r.TemporalAACurrentFrameWeight,0.04,33.2363,10.4029,2.6291,6.6908,2.1751,2457.6262,2680.5625,300,Profile(20260327_195817).csv
abandoned-demo,71,r.TemporalAACurrentFrameWeight,0.06,33.2374,10.3031,2.6462,6.7751,2.1772,2457.4077,2680.5625,300,Profile(20260327_195837).csv
abandoned-demo,71,r.TemporalAACurrentFrameWeight,0.1,33.2375,10.3627,2.6964,6.7459,2.2127,2456.641,2679.5625,300,Profile(20260327_195856).csv
abandoned-demo,71,r.TemporalAACurrentFrameWeight,0.2,33.2374,10.3761,2.7081,6.9283,2.2624,2457.8879,2680.8125,300,Profile(20260327_195915).csv
abandoned-demo,71,r.TemporalAACurrentFrameWeight,0.5,33.2367,10.7036,2.7333,6.8402,2.1525,2457.6199,2680.5625,300,Profile(20260327_195934).csv
abandoned-demo,71,r.TemporalAACurrentFrameWeight,0.6,33.2402,10.4602,2.7084,6.7351,2.2416,2457.7207,2678.8125,300,Profile(20260327_195953).csv
abandoned-demo,71,r.TemporalAACurrentFrameWeight,0.7,33.2417,7.6245,2.6748,6.679,2.2278,2459.6452,2682.8125,300,Profile(20260327_200012).csv
abandoned-demo,71,r.TemporalAACurrentFrameWeight,0.8,33.2385,10.3854,2.6486,6.7743,2.1538,2459.2119,2681.8125,300,Profile(20260327_200032).csv
abandoned-demo,71,r.TemporalAACurrentFrameWeight,0.9,33.237,8.5162,2.6882,6.8957,2.1826,2457.9782,2678.8125,300,Profile(20260327_200051).csv
abandoned-demo,71,r.TemporalAACurrentFrameWeight,1.0,33.2363,10.3454,2.6247,6.7926,2.1876,2457.631,2680.5625,300,Profile(20260327_200110).csv
abandoned-demo,71,r.TemporalAASamples,4,33.2379,10.6474,2.5859,6.7985,2.1959,2458.0219,2680.8125,300,Profile(20260327_200129).csv
abandoned-demo,71,r.TemporalAASamples,8,33.2373,7.3262,2.6918,6.7136,2.1952,2457.9585,2680.8125,300,Profile(20260327_200149).csv
abandoned-demo,71,r.TemporalAASamples,16,33.2374,10.2328,2.6361,6.7199,2.2259,2456.7924,2681.0625,300,Profile(20260327_200208).csv
abandoned-demo,71,r.TemporalAASamples,32,33.2368,10.4428,2.6899,6.8325,2.1706,2459.2983,2681.5625,300,Profile(20260327_200227).csv
abandoned-demo,71,r.TemporalAASamples,64,33.2381,7.4624,2.7208,6.7792,2.2097,2456.8877,2679.5625,300,Profile(20260327_200246).csv
abandoned-demo,71,r.TemporalAAFilterSize,0.1,33.2367,8.5588,2.6864,6.6759,2.1968,2456.4747,2677.8125,300,Profile(20260327_200305).csv
abandoned-demo,71,r.TemporalAAFilterSize,0.25,33.2373,10.4371,2.5671,6.6167,2.195,2458.9423,2681.5625,300,Profile(20260327_200325).csv
abandoned-demo,71,r.TemporalAAFilterSize,0.5,33.2369,10.4764,2.7073,6.9443,2.2447,2458.8812,2681.8125,300,Profile(20260327_200344).csv
abandoned-demo,71,r.TemporalAAFilterSize,0.7,33.2387,8.479,2.5778,6.6516,2.1338,2457.9068,2681.8125,300,Profile(20260327_200403).csv
abandoned-demo,71,r.TemporalAAFilterSize,0.9,33.2387,7.2832,2.6881,6.8535,2.2668,2457.153,2680.8125,300,Profile(20260327_200422).csv
abandoned-demo,71,r.TemporalAAFilterSize,0.95,33.2384,10.3883,2.715,6.8986,2.3723,2456.9788,2679.0625,300,Profile(20260327_200441).csv
abandoned-demo,71,r.TemporalAAFilterSize,1.0,33.2372,10.5391,2.6254,6.7581,2.2137,2459.848,2683.0625,300,Profile(20260327_200501).csv
abandoned-demo,71,r.TemporalAA.HistoryScreenPercentage,100,33.2372,10.3642,2.6839,6.8731,2.2297,2457.7157,2679.0625,300,Profile(20260327_200520).csv
abandoned-demo,71,r.TemporalAA.HistoryScreenPercentage,125,33.2399,10.5674,2.9929,8.1424,2.1967,2458.2993,2681.5625,300,Profile(20260327_200547).csv
abandoned-demo,71,r.TemporalAA.HistoryScreenPercentage,150,33.2374,10.6134,2.5643,6.7096,2.2068,2457.8909,2680.8125,300,Profile(20260327_200605).csv
abandoned-demo,71,r.TemporalAA.HistoryScreenPercentage,200,33.2371,10.4793,2.6362,6.67,2.1413,2457.6835,2680.8125,300,Profile(20260327_200624).csv
abandoned-demo,50,r.TemporalAACurrentFrameWeight,0.01,33.2366,9.0232,2.6544,6.7822,2.1429,2407.942,2631.3711,300,Profile(20260327_200644).csv
abandoned-demo,50,r.TemporalAACurrentFrameWeight,0.02,33.2366,9.0543,2.7586,6.7058,2.133,2410.1106,2632.8711,300,Profile(20260327_200703).csv
abandoned-demo,50,r.TemporalAACurrentFrameWeight,0.04,33.237,8.8918,2.634,6.8391,2.2771,2408.5538,2630.8711,300,Profile(20260327_200722).csv
abandoned-demo,50,r.TemporalAACurrentFrameWeight,0.06,33.2364,8.8509,2.6011,6.6138,2.1181,2410.1169,2633.1211,300,Profile(20260327_200741).csv
abandoned-demo,50,r.TemporalAACurrentFrameWeight,0.1,33.2367,8.7599,2.6217,6.6618,2.1877,2407.3028,2630.8711,300,Profile(20260327_200801).csv
abandoned-demo,50,r.TemporalAACurrentFrameWeight,0.2,33.2373,8.9428,2.7416,6.8435,2.2445,2407.3753,2630.1211,300,Profile(20260327_200820).csv
abandoned-demo,50,r.TemporalAACurrentFrameWeight,0.5,33.2369,8.9704,2.667,6.8183,2.1979,2409.1094,2632.1211,300,Profile(20260327_200839).csv
abandoned-demo,50,r.TemporalAACurrentFrameWeight,0.6,33.2366,9.0093,2.6861,6.7809,2.1821,2406.8671,2629.8711,300,Profile(20260327_200858).csv
abandoned-demo,50,r.TemporalAACurrentFrameWeight,0.7,33.2398,8.8756,2.6544,6.7978,2.2664,2408.1013,2630.8711,300,Profile(20260327_200917).csv
abandoned-demo,50,r.TemporalAACurrentFrameWeight,0.8,33.2369,8.7836,2.6404,6.7312,2.2035,2409.3421,2631.8711,300,Profile(20260327_200937).csv
abandoned-demo,50,r.TemporalAACurrentFrameWeight,0.9,33.2388,8.8424,2.6083,6.6536,2.1696,2407.0971,2629.8711,300,Profile(20260327_200955).csv
abandoned-demo,50,r.TemporalAACurrentFrameWeight,1.0,33.2385,8.858,2.7447,6.8319,2.2467,2410.8146,2633.8711,300,Profile(20260327_201014).csv
abandoned-demo,50,r.TemporalAASamples,4,33.2378,8.9044,2.6892,6.7938,2.2133,2407.3555,2629.8711,300,Profile(20260327_201033).csv
abandoned-demo,50,r.TemporalAASamples,8,33.2374,8.8956,2.7166,6.9885,2.3041,2408.3555,2631.1211,300,Profile(20260327_201052).csv
abandoned-demo,50,r.TemporalAASamples,16,33.2373,8.9194,2.6622,6.7543,2.193,2408.1186,2630.6211,300,Profile(20260327_201112).csv
abandoned-demo,50,r.TemporalAASamples,32,33.238,8.8953,2.625,6.6825,2.0943,2409.3463,2632.1211,300,Profile(20260327_201131).csv
abandoned-demo,50,r.TemporalAASamples,64,33.2399,8.8491,2.7042,6.6584,2.0843,2407.348,2629.8711,300,Profile(20260327_201150).csv
abandoned-demo,50,r.TemporalAAFilterSize,0.1,33.2376,8.8546,2.5938,6.6826,2.1641,2408.4946,2630.8711,300,Profile(20260327_201209).csv
abandoned-demo,50,r.TemporalAAFilterSize,0.25,33.237,8.9295,2.5625,6.6937,2.2354,2407.3888,2630.1211,300,Profile(20260327_201228).csv
abandoned-demo,50,r.TemporalAAFilterSize,0.5,33.2364,8.9527,2.7878,6.8542,2.3477,2409.1169,2631.8711,300,Profile(20260327_201248).csv
abandoned-demo,50,r.TemporalAAFilterSize,0.7,33.2364,9.0072,2.6113,6.5431,2.1423,2409.4378,2633.1211,300,Profile(20260327_201307).csv
abandoned-demo,50,r.TemporalAAFilterSize,0.9,33.2395,8.9158,2.6921,6.7539,2.182,2409.2739,2632.8711,300,Profile(20260327_201326).csv
abandoned-demo,50,r.TemporalAAFilterSize,0.95,33.2376,8.8689,2.7953,7.0307,2.2471,2407.6211,2630.1211,300,Profile(20260327_201345).csv
abandoned-demo,50,r.TemporalAAFilterSize,1.0,33.2404,8.875,2.6673,6.6524,2.1926,2408.3442,2630.8711,300,Profile(20260327_201404).csv
abandoned-demo,50,r.TemporalAA.HistoryScreenPercentage,100,33.2365,8.8655,2.6404,6.7427,2.22,2408.5803,2631.1211,300,Profile(20260327_201423).csv
abandoned-demo,50,r.TemporalAA.HistoryScreenPercentage,125,33.2382,6.3456,2.6268,6.707,2.2221,2407.1113,2629.8711,300,Profile(20260327_201443).csv
abandoned-demo,50,r.TemporalAA.HistoryScreenPercentage,150,33.2371,6.2685,2.6657,6.8233,2.2541,2407.2741,2629.8711,300,Profile(20260327_201502).csv
abandoned-demo,50,r.TemporalAA.HistoryScreenPercentage,200,33.2378,8.8509,2.6518,6.7346,2.205,2409.5494,2632.8711,300,Profile(20260327_201521).csv
